State_name,County_name,avgAQI_o3,avgAQI_co,avgAQI_no2,avgAQI_so2,avgAQI_pm25,Population,Log_Population,Temperature,Wind,RH
Alabama,Baldwin,37.53617021,,,,30.21818182,212628,5.327620454,,,
Alabama,Clay,,,,,32.45762712,13367,4.126033948,,,
Alabama,Colbert,35.80894309,,,,30.48739496,54500,4.736396502,,,
Alabama,DeKalb,36.84401114,,,,32.88695652,71617,4.855016125,,,
Alabama,Elmore,34.01304348,,,,,81677,4.912099778,,,
Alabama,Etowah,38.20816327,,,,35.76106195,102755,5.011802964,,,
Alabama,Houston,32.65306122,,,,34.83898305,104346,5.018475805,,,
Alabama,Jefferson,36.64644236,5.173611111,20.30132939,13.58677686,38.12025316,659197,5.819015222,65.76036408,89.10908195,69.68769963
Alabama,Madison,39.49593496,,,,30.80508475,361046,5.557562538,,,
Alabama,Mobile,36.55888651,,,1.652046784,32.55855856,413955,5.616953133,,,
Alabama,Montgomery,36.99173554,,,,36.25641026,226646,5.355348059,,,
Alabama,Morgan,38.62761506,,,,31.4,118818,5.074882238,,,
Alabama,Russell,37.66255144,,,,37.2037037,57045,4.756217584,,,
Alabama,Shelby,37.05761317,,,3.156593407,,213605,5.329611414,,,
Alabama,Sumter,32.53097345,,,,,12687,4.10335894,,,
Alabama,Talladega,,,,,35.30172414,80065,4.903442708,,,
Alabama,Tuscaloosa,34.9218107,,,,33.31818182,207811,5.317668532,,,
Alaska,Anchorage,,12.63736264,,,,294356,5.468872893,,,
Alaska,Denali,32.45604396,,,,,2074,3.316808752,,89.03896543,
Alaska,Fairbanks North Star,20.52413793,5.787965616,21.06442577,15.08815427,,99703,4.998708226,,105.5527362,
Alaska,Fairbanks North Star ,,,,,33.79909366,99703,4.998708226,31.31383347,,17.69673186
Alaska,Juneau ,,,,,21.73333333,32094,4.506423848,,,
Alaska,Matanuska-Susitna,25.96052632,,,,,106532,5.02748008,,,
Arizona,Apache,,,,,10.89655172,71606,4.854949414,,,
Arizona,Cochise,46.82465753,,,,,124756,5.096061442,63.13078462,78.24396735,40.92600001
Arizona,Coconino,46.69863014,,,,,140776,5.148528621,53.89714731,93.32102656,39.16030158
Arizona,Gila,48.58791209,,,25.90899471,,53501,4.7283619,,,
Arizona,La Paz,45.40883978,1.765472313,,,,20601,4.313888302,,,
Arizona,Maricopa,49.77480607,6.706382979,32.58066362,2.795857988,33.25842697,4307033,6.634178199,75.87012249,90.71049816,34.92040958
Arizona,Navajo,46.37534247,,,,,108956,5.037251151,57.72414732,103.7415671,
Arizona,Pima,45.41055922,3.55685734,18.08767123,0.076712329,26.26666667,1022769,6.009777556,72.38559294,97.38186487,32.25704937
Arizona,Pinal,47.48683473,,,,37.71388102,430237,5.633707757,,,
Arizona,Santa Cruz,,,,,34.59649123,46212,4.664754765,,,
Arizona,Yuma,44.51977401,,,,,207534,5.317089257,,,
Arkansas,Arkansas,,,,,31.98230088,17967,4.254475568,,,
Arkansas,Ashley,,,,,34.08264463,20283,4.307132191,,,
Arkansas,Clark,33.71823204,,,,,22293,4.348168516,,,
Arkansas,Crittenden,36.36164384,,15.53296703,,32.95081967,48750,4.68797462,,,
Arkansas,Garland,,,,,34.16528926,98658,4.994132307,,,
Arkansas,Jackson,,,,,32.7704918,17135,4.233884109,,,
Arkansas,Newton,36.26648352,,,,,7828,3.893650817,,,
Arkansas,Polk,38.0359116,,,,33.14876033,20118,4.303584804,,,
Arkansas,Pulaski,35.00137552,,17.23835616,,37.36929461,393956,5.595447719,66.57375223,94.05979442,32.97174608
Arkansas,Union,,,,,36.36363636,39449,4.596035999,,,
Arkansas,Washington,36.99726027,,,,32.18181818,231996,5.365480497,,,
California,Alameda,29.68225352,7.455609085,21.00473186,1.600558659,,1663190,6.220941865,,,
California,Amador,41.21369863,,,,,38626,4.586879736,42.44234936,87.78920044,
California,Butte,44.49724518,,13.1260274,,34.11987382,229294,5.360392691,,86.40873615,
California,Calaveras,50.28932584,,,,,45670,4.659631012,,,
California,Colusa,37.80615385,,,,27.41516245,21805,4.338556091,,85.46630186,
California,Contra Costa,34.43157895,4.663003663,12.25319309,2.646352724,,1147439,6.059729607,,,
California,Del Norte,,,,,24.26022305,27470,4.438858659,,,
California,El Dorado,54.15329513,,,,,188987,5.276431931,,,
California,Fresno,56.83722804,4.98028169,19.97279289,,45.20819491,989255,5.995308254,65.35661485,109.3372288,62.37110745
California,Glenn,37.83569405,,,,,28094,4.448613578,,,
California,Humboldt,28.43262411,3.037709497,3.536516854,0.01810585,32.11077844,136754,5.135940038,,,
California,Imperial,41.49159971,0.984455959,21.82697947,,40.27079646,182830,5.262047459,75.95710172,100.1713869,
California,Inyo,40.7769986,1.198697068,,0.004032258,20.44420601,18026,4.255899367,63.0871976,104.7697277,30.96203643
California,Kern,62.39498765,4.253443526,20.95321229,,49.60305344,893119,5.950909329,64.24323042,108.0287842,58.14011899
California,Kings,53.41975309,,16.88767123,,53.98305085,150101,5.176383586,65.64498253,119.2382143,
California,Lake,34.64010989,,,,20.16949153,64246,4.807846093,57.34204794,,60.75339047
California,Los Angeles,51.37232182,6.264146457,26.06939314,2.6184573,41.95264987,10163507,7.007043591,66.02885523,93.79138644,58.4993581
California,Madera,53.83608815,,12.26849315,,43.18181818,156890,5.195595263,64.12026392,114.763952,65.89929106
California,Marin,29.30410959,5.147945205,18.06027397,,,260955,5.416565623,,,
California,Mariposa,53.35335689,,,,,17569,4.244747043,53.92134068,72.4216376,50.94161365
California,Mendocino,32.20867209,,,,,88018,4.944571496,,,
California,Merced,47.66483516,,14.78021978,,44.2,272673,5.435642136,63.95857808,112.4508012,
California,Monterey,33.52747253,3.32320442,10.95342466,,,437907,5.641381888,57.98600893,,
California,Napa,31.96164384,7.169863014,14.27123288,,,140973,5.149135942,,,
California,Nevada,66.75890411,,,,24.82666667,99814,4.99919146,,,
California,Orange,45.79258675,6.470915842,25.81868132,0.082872928,39.88349515,3190400,6.503845137,66.61788396,95.02739944,61.10104498
California,Placer,45.67116853,,16.53150685,,28.27307692,386166,5.586774034,,91.25534312,
California,Plumas,,,,,41.49282297,18742,4.272815934,,,
California,Riverside,60.7294686,3.778082192,15.12116136,,40.42199488,2423266,6.384401089,71.13620751,110.0891489,40.80230907
California,Sacramento,40.55384615,4.968056788,11.25757576,3.057142857,35.76083189,1530615,6.184865965,64.78937184,100.937339,64.64233058
California,San Benito,38.70958904,,,,,60310,4.780389328,59.19158072,55.25756188,59.91370527
California,San Bernardino,64.54298523,5.810114943,30.53338665,1.420183486,43.71901709,2157404,6.33393148,65.69777891,97.47581761,47.44138544
California,San Diego,46.13128877,6.81043956,17.42634731,0.002754821,35.81658031,3337685,6.523445347,64.48058627,103.0291226,62.21954464
California,San Francisco,26.58241758,5.771978022,22.12054795,,,884363,5.946630564,,,
California,San Joaquin,39.275,,11.26210826,,,745424,5.872403371,63.95130059,122.3356742,
California,San Luis Obispo,39.37712703,,8.813443073,0.010958904,36.86695279,283405,5.452407508,58.99579406,100.5737384,
California,San Mateo,29.55431755,5.978021978,20.02465753,,,771410,5.887285264,,,
California,Santa Barbara,36.07531782,2.831267218,5.424679924,0.457236842,36.01591896,448150,5.651423401,60.32752902,93.9883724,68.96391409
California,Santa Clara,37.57315937,7.39888424,23.42977528,0.29226361,38.63063063,1938153,6.287388058,61.50325157,117.1922046,56.92456894
California,Santa Cruz,32.56164384,,,,,275897,5.440746978,56.67682368,,
California,Shasta,39.58085569,,,,29.0862069,179921,5.255081856,45.34091152,81.5285403,63.73318577
California,Siskiyou,25.29487179,,,,36.3220339,43853,4.641999309,,,
California,Solano,35.48440748,6.363636364,16.43406593,1.148351648,,445458,5.648806763,,,
California,Sonoma,31.24383562,5.657534247,10.4739726,,,504217,5.702617484,,,
California,Stanislaus,48.71232877,,19.56497175,,44.66666667,547899,5.738700508,62.00360713,121.3960774,
California,Sutter,37.93045564,,15.00828729,,34.97005988,96648,4.985192871,,95.65146407,
California,Tehama,49.5203252,,,,,63926,4.80567753,,118.5886435,
California,Tulare,64.20538721,,21.59883721,,55.40707965,464493,5.666979173,62.53233356,91.86935004,59.99535313
California,Tuolumne,53.10714286,,,,,54248,4.734383731,,,
California,Ventura,46.96816685,,14.1890411,,,854223,5.931571261,63.81196471,90.66126961,57.47810855
California,Yolo,38.51936872,,9.297124601,,32.4,219116,5.340674091,,112.4596387,
Colorado,Adams,,4.96978022,30.80685358,,,503167,5.70171215,57.14158151,90.84965022,
Colorado,Arapahoe,49.82655827,,,,24.35,643052,5.808246093,52.49496402,95.20898635,
Colorado,Archuleta,44.07177033,,7.028301887,0.411214953,,13315,4.124341171,45.34362442,,53.43867938
Colorado,Boulder,48.17977528,,,,24.98347107,322514,5.508548572,52.49886662,95.1663914,54.03144352
Colorado,Clear Creek,53.58709677,,,,,9574,3.981093423,,,
Colorado,Denver,40.12228261,6.662534435,36.98754325,3.062068966,29.07249071,704621,5.847955582,55.03064142,89.97018499,45.58208128
Colorado,Douglas,52.9076087,,,,21.76229508,335299,5.525432258,52.06433044,95.85947334,
Colorado,El Paso,46.70656934,,,3.806094183,,699232,5.844621295,53.73413,113.7163408,50.82952554
Colorado,Garfield,41.24102079,,8.95480226,,17.01685393,59118,4.771719733,50.96913902,89.77597069,50.30961798
Colorado,Gunnison,47.25561798,,,,,16939,4.228887768,,,
Colorado,Jefferson,50.30801688,,,,,574613,5.759375447,50.4772737,101.5984625,
Colorado,La Plata,46.0735568,4.247863248,7.502325581,,12.66666667,55589,4.744988862,48.69787508,109.6270245,48.32903779
Colorado,Larimer,45.62267658,4.98630137,,,,343976,5.536528142,46.68271545,115.3177016,52.30590135
Colorado,Mesa,43.40659341,4.216438356,,,,151616,5.180745035,56.5871864,75.16534586,43.34302585
Colorado,Moffat,44.57022472,,,,,13131,4.118297801,51.14769904,77.92862567,51.59482618
Colorado,Montezuma,43.35252809,,,,,26140,4.417305583,52.41816701,101.7131676,42.2375571
Colorado,Montrose,40.38108883,,,,,41784,4.621010013,54.8445227,104.6336102,41.46409588
Colorado,Park,46.67127072,,1.651098901,,13.78285714,17905,4.252974325,39.01590359,,51.09018039
Colorado,Pueblo,,,,,22.61016949,166475,5.221349024,,,
Colorado,Rio Blanco,43.18319559,,1.967503693,,31.80116959,6420,3.807535028,48.70193542,88.83656744,52.06776708
Colorado,Weld,45.78932584,2.980821918,,,29.79130435,304633,5.483776947,52.0716164,94.19731717,
Connecticut,Fairfield,45.13545347,5.564383562,19.37908497,0.378082192,25.85123967,949921,5.977687489,53.85978415,94.14570298,
Connecticut,Hartford,34.94929577,5.168859649,22.97796143,0.277777778,27.42458101,895388,5.95201127,53.96342827,99.59246786,56.74956147
Connecticut,Litchfield,38.48882682,1.895890411,,0.145604396,17.78181818,182177,5.260493546,48.63761662,117.3267592,60.42921339
Connecticut,Middlesex,43.65116279,,,,,163410,5.21327863,53.62947759,108.0546957,
Connecticut,New Haven,38.96808511,3.552486188,25.60946746,0.274238227,27.20111732,860435,5.934718068,53.04800501,102.3004293,57.19520772
Connecticut,New London,42.83018868,,,,21.50746269,269033,5.429805554,52.53583714,,
Connecticut,Tolland,40.40186916,,,,,151461,5.18030082,49.8479836,97.54327844,
Connecticut,Windham,36.38440111,,,,,116359,5.06579998,,,
Delaware,Kent,38.36619718,,,,26.39732143,176824,5.247541211,,101.2652343,
Delaware,New Castle,37.31213873,3.945859873,20.59269663,0.593822394,30.53111433,559793,5.748027463,57.99891694,115.3293303,58.34040863
Delaware,Sussex,36.92649098,,,0.016901408,27.43859649,225322,5.352803597,,104.78074,
District Of Columbia,District of Columbia,33.14351426,5.355062413,21.62216105,1.646575342,37.42885375,693972,5.841341948,60.12133622,99.53864885,57.76633599
Florida,Alachua,34.3884058,,,,27.76068376,266944,5.426420164,,,
Florida,Baker,34.10027855,,,,,28283,4.451525474,,,
Florida,Bay,34.93424658,,,,,183563,5.263785147,,,
Florida,Brevard,34.76128093,,,,27.43877551,589162,5.770234728,,,
Florida,Broward,32.50229008,5.122377622,18.47727273,0.485659656,27.91955446,1935878,6.286877984,,,
Florida,Citrus,,,,6.807365439,,145647,5.163301544,,,
Florida,Collier,32.29329609,,,,,372880,5.57156909,,,
Florida,Columbia,34.52472527,,,,,69612,4.842684112,,,
Florida,Duval,34.70813845,6.242276423,18.81686047,2.353579176,29.79454023,937934,5.972172279,,,
Florida,Escambia,37.35028249,,,1.456824513,31.93043478,313512,5.496254169,,,
Florida,Flagler,33.82548476,,,,,110510,5.043401579,,,
Florida,Hamilton,,,,1.642642643,,14184,4.151798723,,,
Florida,Highlands,33.3480826,,,,,102883,5.01234362,,,
Florida,Hillsborough,37.06181818,4.68115942,15.56122449,3.348185869,32.76216216,1408566,6.148777201,74.41394238,76.42450149,65.73793444
Florida,Holmes,33.90304709,,,,,19558,4.291324442,,,
Florida,Indian River,37.89710611,,,,,154383,5.188599476,,,
Florida,Lake,37.24657534,,,,,346017,5.539097436,,,
Florida,Lee,34.11373093,,,,28.33009709,739224,5.868776058,,,
Florida,Leon,33.11235955,,,,32.52336449,290292,5.462835068,,103.5490513,
Florida,Liberty,31.63611111,,,,,8242,3.91603261,,,
Florida,Manatee,34.62959559,,,3.44092219,,385571,5.586104362,,,
Florida,Marion,34.74781341,,,,,354353,5.549436114,,,
Florida,Martin,33.15492958,,,,,159923,5.203910928,,,
Florida,Miami-Dade,32.97901049,3.475624257,16.27649007,0.166172107,30.81210191,2751796,6.439616235,75.41289318,68.28383125,77.91147537
Florida,Nassau,,,,7.922413793,,82721,4.917615776,,,
Florida,Okaloosa,35.1369863,,,,,202970,5.307431852,,,
Florida,Orange,35.09243697,6.483588621,14.99029126,0.331506849,44.22727273,1348975,6.130003901,,,
Florida,Osceola,35.41369863,,,,,352180,5.546764689,,,
Florida,Palm Beach,32.42074928,,11,,27.5045045,1471150,6.167656956,,,
Florida,Pasco,36.12898551,,,,,525643,5.720690885,,,
Florida,Pinellas,34.90573013,2.92926491,13.0261348,0.882697947,31.16971279,970637,5.987056842,75.77542204,,
Florida,Polk,36.37955182,,,4.019553073,30.82882883,686483,5.836629787,,,
Florida,Putnam,,,,3.62962963,,73464,4.866074571,,,
Florida,St. Lucie,34.80232558,,,,,313506,5.496245857,,,
Florida,Santa Rosa,34.8603352,,,,,174272,5.241227615,,,
Florida,Sarasota,34.84739336,,4.771260997,,29.04273504,419119,5.622337349,,,
Florida,Seminole,37.80672269,,,,26.18918919,462659,5.665261015,,,
Florida,Volusia,34.87853107,,,,29.19266055,538692,5.731340526,,,
Florida,Wakulla,33.31321839,1.228476821,,,,32120,4.506775537,69.92713662,95.67302693,73.81386974
Georgia,Bibb,37.89430894,,,0.620111732,33.87234043,152862,5.184299537,,77.47890105,
Georgia,Chatham,33.04979253,,,6.268493151,33.29381443,290501,5.463147632,,95.8615651,
Georgia,Chattooga,35.50826446,,,,,24770,4.393926007,,,
Georgia,Clarke,38.02439024,,,,32.10084034,127064,5.104022523,,,
Georgia,Clayton,,,,,38.69827586,285153,5.455077945,,,
Georgia,Cobb,39.53658537,,,,35.59166667,755754,5.878380454,,,
Georgia,Coffee,,,,,29.38541667,43014,4.633609831,,,
Georgia,Columbia,36.6097561,,,,,151579,5.180639038,65.76260177,84.04692651,74.70986699
Georgia,Coweta,34.85772358,,,,,143114,5.15568212,,102.4815968,
Georgia,DeKalb,35.82122905,5.118380062,23.30586592,,36.59090909,753253,5.87694087,63.01118476,101.760587,77.30619773
Georgia,Dougherty,,,,,36.52427184,89502,4.95183274,,,
Georgia,Douglas,39.85306122,,,,,143882,5.158006466,,112.2337994,
Georgia,Floyd,,,,3.287292818,30,97613,4.98950766,,80.70420764,
Georgia,Fulton,45.0875,9.110803324,26.0137741,2.162087912,40.17672414,1041423,6.017627165,,115.2169819,
Georgia,Glynn,33.94693878,,,,30.60747664,85282,4.930857377,,90.14298716,
Georgia,Gwinnett,40.66122449,,,,34.5,920260,5.963910545,,,
Georgia,Hall,,,,,30.87704918,199335,5.29958356,,,
Georgia,Henry,39.93469388,,,,,225813,5.353748941,,,
Georgia,Houston,,,,,33.75652174,153479,5.186048961,,,
Georgia,Lowndes,,,,,32.87288136,115489,5.062540621,,,
Georgia,Murray,41.77350427,,,,,39782,4.599686613,58.41160302,119.1137851,74.60523358
Georgia,Muscogee,37.11836735,,,,37.16666667,194058,5.287931551,65.64547066,85.40437845,74.61188391
Georgia,Paulding,,,,,23,159445,5.202610905,,,
Georgia,Pike,38.23055556,,,,,18217,4.260476858,,,
Georgia,Richmond,36.85365854,,,4.164383562,36.46666667,201800,5.304921162,67.42634727,96.58776088,69.15906849
Georgia,Rockdale,39.66938776,,,,,90312,4.95574546,62.63824599,99.47354377,76.7963625
Georgia,Walker,,,,,34.37614679,68939,4.838464979,,,
Georgia,Washington,,,,,34.60655738,20313,4.307774069,,,
Hawaii,Hawaii,,,,68.66556837,36.24105409,200381,5.30185654,60.10741133,45.51116381,85.4394257
Hawaii,Honolulu,27.68987342,4.801925722,11.09615385,4.350458716,16.57439446,988650,5.995042571,78.42253674,44.20176521,65.46865693
Hawaii,Kauai,,,5.190839695,0.326815642,12.22571429,72159,4.858290506,,,
Hawaii,Maui,,,,,18.63592233,166260,5.220787776,,,
Idaho,Ada,47.59187279,5.115532734,,0.457534247,36.78294574,456849,5.659772679,52.07611873,103.628515,57.90401588
Idaho,Benewah,,,,,49.12732095,9184,3.963031875,,,
Idaho,Butte,41.5339233,,,,,2602,3.415307292,45.56590104,93.98820098,
Idaho,Canyon,,,,,40.12307692,216699,5.335856907,,,
Idaho,Caribou,,,,7.081232493,,7034,3.847202364,,,
Idaho,Franklin,,,,,29.32608696,13564,4.132387781,,,
Idaho,Idaho,36.87654321,,,,,16369,4.214022149,49.0037339,92.00815617,53.80256073
Idaho,Jerome,,,,,28.52777778,23627,4.373408581,46.83807806,,66.61957207
Idaho,Lemhi,,,,,47.71317829,7875,3.896250562,43.7162852,99.46251627,61.31218069
Idaho,Shoshone,,,,,50.19543147,12542,4.098366796,46.28064484,97.19716743,71.40605358
Illinois,Adams,42.2195122,,,,,66234,4.821080984,,,
Illinois,Champaign,36.08888889,1.515151515,,,30.1441048,209399,5.320974603,56.66210767,97.99178435,
Illinois,Clark,41.3677686,,,,,15767,4.197749068,56.02919613,98.89644391,61.49446727
Illinois,Cook,40.01184157,3.404692082,25.80922865,2.333333333,35.65578947,5211263,6.716942992,50.30664205,97.97591354,67.53721718
Illinois,DuPage,44.70089286,,,,31.27380952,930128,5.968542718,,,
Illinois,Hamilton,42.50406504,,,,,8194,3.91349596,,,
Illinois,Jersey,43.609375,,,,,21941,4.341256417,,,
Illinois,Jo Daviess,35.13333333,,,,,21594,4.334333097,,,
Illinois,Kane,38.10632184,,,,32.30088496,534667,5.72808338,,,
Illinois,Lake,38.21448468,,,,,703520,5.847276448,50.56770242,,
Illinois,La Salle,,,,2.77260274,,110067,5.041657129,,,
Illinois,McHenry,37.78347578,,,,28.79310345,309122,5.490129915,,,
Illinois,McLean,35.75280899,,,,,172290,5.236260071,,,
Illinois,Macon,37.37534247,,,13.56426117,32.8,105801,5.024489773,,101.5545579,
Illinois,Macoupin,41.04471545,,,0.668493151,,45446,4.657495664,,,
Illinois,Madison,41.62758621,,,,35.47674419,265428,5.423946735,,,
Illinois,Monroe,,,,4.161643836,,34097,4.53271617,,99.92574622,70.60674931
Illinois,Peoria,39.91986644,,,,30.60869565,183011,5.262477194,,,
Illinois,Randolph,44.75416667,,,,,32423,4.510853196,,,
Illinois,Rock Island,36.73278237,,,,29.86956522,144808,5.160792555,,,
Illinois,Saint Clair,,4.180515759,,,35.9122807,262479,5.419094563,59.04554634,,
Illinois,Sangamon,37.2630137,,,,33.11494253,196452,5.293256455,,,
Illinois,Wabash,,,,4.860273973,,11489,4.060282229,,,
Illinois,Will,36.68876081,,,,34.77777778,692661,5.840520736,,,
Illinois,Winnebago,34.65142857,,,,32.47747748,284778,5.454506436,,,
Indiana,Allen,37.71452145,,,,33.01694915,372877,5.571565596,52.67140977,102.09206,61.06530835
Indiana,Bartholomew,41.435,,,,31.36666667,82040,4.914025652,,,
Indiana,Boone,40.17142857,,,,,65875,4.818720628,,,
Indiana,Brown,39.8,,,,,15035,4.177103432,,,
Indiana,Carroll,40.47280335,,,,,20039,4.301876045,52.82999893,101.0973512,76.67257132
Indiana,Clark,37.44931507,,,,32.86324786,116973,5.068085628,56.64127714,93.36854355,58.43511477
Indiana,Daviess,,,,5.550684932,,33113,4.519998529,,,
Indiana,Delaware,39.33739837,,,,31.50434783,115184,5.061392156,,,
Indiana,Dubois,,,,,33.62393162,42558,4.62898121,,,
Indiana,Elkhart,38.24454148,,,,34.25833333,205032,5.311821648,,,
Indiana,Floyd,41.34693878,,,1.602209945,32.87394958,77071,4.886890994,,,
Indiana,Gibson,,,,8.347945205,,33576,4.526028956,,77.68179844,
Indiana,Greene,43.10699588,,,,31.37606838,32177,4.507545551,55.95472956,97.31202183,69.34692926
Indiana,Hamilton,41.6,,,,31.50847458,323747,5.510205753,,,
Indiana,Hendricks,39.48760331,,,,,163685,5.214008883,,,
Indiana,Henry,,,,,29.775,48476,4.685526777,54.10274018,99.31509671,71.72446079
Indiana,Howard,,,,,32.09482759,82363,4.915732157,,,
Indiana,Huntington,39.23673469,,,,,36337,4.560349069,,,
Indiana,Jackson,39.98684211,,,,,43884,4.642306206,56.63662971,93.67294407,66.84508379
Indiana,Johnson,39.85833333,,,,,153897,5.187230154,,,
Indiana,Knox,37.12044818,,,,,37508,4.574123907,,,
Indiana,Lake,37.2090301,4.320547945,21.36158192,3.822802198,35.71202916,485640,5.68631445,52.85881915,96.21179693,60.73231137
Indiana,LaPorte,42.19047619,,,,30.37168142,110029,5.041507166,,,
Indiana,Madison,40.84166667,,,,31.8,129498,5.112263061,,,
Indiana,Marion,36.42778542,8.178947368,21.61318052,0.653846154,37.7371134,950082,5.97776109,55.92727796,97.50747418,57.67717407
Indiana,Monroe,,,,,30.95,146986,5.167275971,,,
Indiana,Morgan,36.13807531,,,6.653739612,,69713,4.843313772,,98.65449435,
Indiana,Perry,41.39917695,,,,,19081,4.280601132,,,
Indiana,Pike,,,,3.408219178,,12365,4.092194121,,94.00293017,
Indiana,Porter,41.90985325,,,5.300411523,31.9,168404,5.226352403,51.87848245,92.89663661,24.50389642
Indiana,Posey,43.26609442,,,,,25595,4.408155134,58.18048533,92.81788909,61.84769926
Indiana,St. Joseph,39.31294964,,14.04154303,,33.2231405,270434,5.432061292,52.2428845,98.6221523,59.17090484
Indiana,Shelby,42.64897959,,,,,44395,4.64733406,,,
Indiana,Spencer,,,,,33.52542373,20394,4.309502415,,,
Indiana,Sullivan,,,,,33.40909091,20746,4.316934374,,,
Indiana,Tippecanoe,,,,,32.10483871,190587,5.280093274,,,
Indiana,Vanderburgh,38.42174629,4.917847025,14.34795322,2.95890411,34.99712644,181616,5.259154106,,,
Indiana,Vigo,39.11148087,,,1.093663912,35.55833333,107516,5.031473099,,93.33025089,
Indiana,Wabash,36.29041916,,,,,31443,4.497523976,,,
Indiana,Warrick,40.70233196,,,,,62530,4.796088429,57.84547667,96.59863649,62.3754309
Indiana,Whitley,,,,,30.67826087,33756,4.528350978,51.78367537,107.1601778,72.79745167
Iowa,Black Hawk,,,,,30.75833333,132648,5.122700706,49.74085503,101.9363577,
Iowa,Bremer,36.89344262,,,,,24911,4.396391162,,99.3123049,
Iowa,Clinton,37.18518519,,,2.717808219,29.875,47010,4.672190251,51.28011248,87.16993483,67.58704442
Iowa,Delaware,,,,,24.63461538,17153,4.234340088,,,
Iowa,Harrison,39.86103542,,,,,14136,4.150326536,,80.83313348,
Iowa,Johnson,,,,,29.73407202,149210,5.17379793,51.64339252,99.49991655,
Iowa,Lee,,,,,33.35135135,34295,4.535230807,,,
Iowa,Linn,38.09756098,3.140883978,,4.57260274,31.42339833,224115,5.350470925,51.7479735,105.6574155,53.4871596
Iowa,Montgomery,37.07786885,,,,26.60683761,10137,4.005909446,52.01992529,96.73295607,69.84942529
Iowa,Muscatine,,,,3.511415525,31.57616893,42880,4.632254777,52.775601,93.18766464,67.44660376
Iowa,Palo Alto,36.94308943,,,,25.55462185,9092,3.958659427,48.81151073,97.34834103,
Iowa,Polk,33.26170799,3.126027397,14.02739726,0.008219178,29.75501114,481830,5.682893837,54.06506353,103.4428949,63.63626168
Iowa,Pottawattamie,,,,,31.3826087,93386,4.970281774,,,
Iowa,Scott,35.19275124,2.602898551,12.37119114,0.484240688,31.78562092,172509,5.236811758,52.31214897,101.0646343,70.30435865
Iowa,Van Buren,38.94308943,,3.347945205,0.284931507,26.98245614,7157,3.854731017,52.9585913,99.76660342,68.56775681
Iowa,Warren,38.25471698,,,,,50163,4.700383502,,89.45302808,
Iowa,Woodbury,,,,0.572222222,30.8487395,102429,5.010422933,,100.4167357,
Kansas,Johnson,34.52876712,,,,31.46610169,591178,5.771718264,,,
Kansas,Leavenworth,34.87052342,,,,,81095,4.908994078,,,
Kansas,Neosho,36.2,,5.693150685,1.526027397,33.10909091,16015,4.204526943,,,
Kansas,Sedgwick,36.1234375,,,,30.63492063,513687,5.710698575,,,
Kansas,Shawnee,34.60941828,,,,30.57627119,178187,5.250876016,,,
Kansas,Sumner,37.74794521,,6.625827815,2.048632219,29.42372881,23159,4.364719803,,,
Kansas,Trego,35.04383562,,3.446575342,0.460410557,17.5,2884,3.459995256,,,
Kansas,Wyandotte,34.85082873,3.374631268,19.50716332,1.345505618,36.08333333,165288,5.218241325,,,
Kentucky,Bell,38.68292683,,,,31.25,26894,4.429655401,58.14505285,119.7704853,
Kentucky,Boone,37.97777778,,,,,130728,5.116368617,55.42167399,78.99191581,
Kentucky,Boyd,38.49593496,,10.87087912,0.475274725,30.75409836,47979,4.681051192,58.89091344,94.49947938,
Kentucky,Bullitt,39.49576271,,,,,80246,4.904423393,,,
Kentucky,Campbell,42,,8.431952663,2.107142857,31.2295082,92488,4.966085388,,,
Kentucky,Carter,36.68699187,,,,25.76229508,27144,4.433673847,56.87441173,94.6189716,62.33938515
Kentucky,Christian,,,,,33.6637931,70416,4.847671351,58.89711655,85.79972831,
Kentucky,Daviess,39.77178423,,10.29464286,5.095890411,33.16949153,100374,5.001621232,61.65677981,90.01631565,
Kentucky,Edmonson,36.86027397,1.846575342,,0.238356164,,12226,4.087284391,58.55918136,89.78512737,75.27423235
Kentucky,Fayette,40.35772358,,12.54320988,0.690607735,31.6637931,321959,5.50780057,,,
Kentucky,Greenup,35.52678571,,,2.564738292,,35518,4.550448503,,,
Kentucky,Hancock,40.35772358,,,,,8801,3.944532021,,,
Kentucky,Hardin,40.16460905,,,,33.33009709,108071,5.03370917,,,
Kentucky,Henderson,40.98755187,,,10.06068966,34.14285714,45928,4.662077534,,,
Kentucky,Jefferson,39.27080891,4.158730159,22.51086957,2.469879518,33.65416667,771158,5.887143368,59.58307889,98.93059534,60.78072545
Kentucky,Jessamine,40.03252033,,,0.609195402,,53375,4.727337888,57.05595716,97.40491493,
Kentucky,Livingston,40.95416667,,,,,9269,3.967032882,59.55986634,94.7471181,
Kentucky,McCracken,41.22040816,,11.16422287,2.430136986,34.3125,65385,4.815478128,,,
Kentucky,Madison,,,,,30.55752212,91226,4.960118633,,,
Kentucky,Morgan,36.78212291,,,,,13188,4.120178938,,,
Kentucky,Oldham,41.075,,,,,66415,4.822266177,57.10117066,97.605724,
Kentucky,Perry,36.69105691,,,,28.33333333,26553,4.424113595,61.88004785,105.1636604,
Kentucky,Pike,35.04897959,,,,28.84297521,58883,4.769989929,,,
Kentucky,Pulaski,37.64634146,,,,30.83898305,64449,4.809216183,,,
Kentucky,Simpson,39.50416667,,,,,18108,4.257870486,59.97318444,95.8168095,
Kentucky,Trigg,36.80780781,,,,,14444,4.15968748,,,
Kentucky,Warren,38.11065574,,,,32.78378378,128845,5.11006757,,,
Kentucky,Washington,37.72268908,,,,,12126,4.083717564,,,
Louisiana,Ascension,36.0661157,,13.41260745,,,122948,5.089721468,,75.04115665,
Louisiana,Bossier,,,,1.480113636,,127634,5.10596638,,,
Louisiana,Caddo,,,,,42.15315315,246581,5.39195961,,,
Louisiana,Calcasieu,33.39285714,,11.9025788,2.445205479,31.46610169,202445,5.306307055,,,
Louisiana,East Baton Rouge,34.78256881,3.025641026,11.75857339,2.613220816,31.12121212,446268,5.649595747,70.34153653,82.04930087,72.81710479
Louisiana,Iberville,36.06911142,,8.219444444,,33.12280702,33027,4.518869126,,,
Louisiana,Jefferson,,,15.11780822,,31.06432749,439036,5.642500133,,,
Louisiana,Lafayette,36.47107438,,,,32.51785714,242485,5.384684879,,,
Louisiana,Lafourche,33.8739726,,,,,98426,4.993109836,,,
Louisiana,Livingston,36.25284091,,4.872159091,,,138228,5.140596024,,,
Louisiana,Orleans,,8.175438596,21.59178082,,32.8852459,393292,5.594715112,,,
Louisiana,Ouachita,32.96164384,,,,32.22413793,155874,5.19277368,,,
Louisiana,Pointe Coupee,33.62465753,,,,,22268,4.347681213,,,
Louisiana,Rapides,,,,,32.69158879,131648,5.119414266,,,
Louisiana,St. Bernard,36.06868132,,,5.801652893,33.31578947,46202,4.664660776,,,
Louisiana,St. Charles,,,,7.849431818,,52749,4.722214231,,,
Louisiana,St. James,31.01643836,,,2.357142857,,21367,4.32974355,,,
Louisiana,St. John the Baptist,34.24109589,,,,,43441,4.637899814,71.31543703,,
Louisiana,St. Martin,36.94301994,,,,,54171,4.733766853,,,
Louisiana,St. Tammany,35.43681319,,,,,256327,5.408794355,,,
Louisiana,Tangipahoa,,,,,32.6754386,132497,5.122206045,,,
Louisiana,Terrebonne,,,,,30.55,112086,5.049551371,,,
Louisiana,West Baton Rouge,34.86871508,,18.13544669,4.446002805,37.10335196,26265,4.419377405,,,
Maine,Androscoggin,,,,,25.35,107651,5.032018068,,,
Maine,Aroostook,31.3553719,,,,21.76576577,67653,4.83028706,,,
Maine,Cumberland,32.24793388,3.747945205,18.41643836,3.764383562,29.61403509,292500,5.46612587,45.16009789,,83.3431105
Maine,Franklin,,,,,23.51724138,29988,4.476947502,,,
Maine,Hancock,37.84424779,1.510144928,,0.005830904,15.51376147,54497,4.736372596,45.73966614,102.7660509,73.72195519
Maine,Kennebec,36.27160494,,7.41322314,1.027700831,24.29310345,121821,5.08572216,,,
Maine,Oxford,34.0260223,,,,25.94915254,57439,4.75920687,,,
Maine,Penobscot,33.63106796,,,,23.5942029,151957,5.181720711,,109.8910121,
Maine,Washington,34.0656304,,,,,31593,4.499590867,,,
Maine,York,35.95049505,,,,,204191,5.310036596,,,
Maryland,Allegany,,,,22.00140845,,71615,4.855003996,,,
Maryland,Baltimore,41.89377289,2.929971989,24.4,1.214925373,31.92857143,832468,5.920367548,56.80479683,104.6722335,63.24738805
Maryland,Calvert,43.5186722,,,,,91502,4.961430587,,,
Maryland,Carroll,43.09756098,,,,,167781,5.224742779,54.40874529,109.9597213,64.78910064
Maryland,Cecil,44.14227642,,,,,102746,5.011764923,54.98341934,106.3595382,65.95780005
Maryland,Charles,44.44855967,,,,,159700,5.203304916,,,
Maryland,Dorchester,38.14088398,1.71875,,0.142857143,,32162,4.507343048,57.96611218,93.62548209,68.46562771
Maryland,Frederick,44.08130081,,,,,252022,5.401438454,,,
Maryland,Garrett,39.94382022,1.436046512,2.867768595,1.028490028,,29233,4.465873387,48.37915725,113.6947754,72.73678306
Maryland,Harford,43.15447154,,,,,252160,5.401676196,55.55305967,103.9435558,66.30525405
Maryland,Howard,,4.166666667,26.82997118,,,321113,5.506657888,56.78727327,84.5688279,64.63860251
Maryland,Kent,43.46530612,,,,,19384,4.287443401,56.04777226,95.79387984,67.45470884
Maryland,Montgomery,40.8852459,,,,,1058810,6.024818034,55.78752731,97.52064241,65.79068395
Maryland,Prince George's,38.91157895,2.792243767,13.76519337,0.246887967,27.19166667,912756,5.960354696,57.03631554,94.10379711,65.42528905
Maryland,Washington,42.08536585,,,,,150578,5.177761524,55.28612268,102.6190998,63.45554397
Maryland,Baltimore (City),40.90204082,,24.73314607,,31.68817204,611648,5.78650156,,,
Massachusetts,Barnstable,38.67231638,,,,,213444,5.329283951,51.62811601,,69.04800293
Massachusetts,Berkshire,,,,,24.16,126313,5.10144805,,,
Massachusetts,Bristol,37.11032532,,,1.085399449,21.41818182,561483,5.749336612,52.11396303,,68.76914288
Massachusetts,Dukes,38.25966851,,,,,17325,4.238673243,,,
Massachusetts,Essex,35.3176362,2.266467066,8.825068871,,20.80090498,785205,5.894983056,50.91069309,,70.73232519
Massachusetts,Franklin,33.04407713,,,,24.48598131,70702,4.849431699,54.99294312,,73.15446334
Massachusetts,Hampden,36.50958904,3.122252747,16.89944134,0.717451524,23.0412844,469818,5.671929652,50.64585611,,64.26851977
Massachusetts,Hampshire,37.78512397,,4.711111111,0.324929972,,161834,5.209069769,49.14525736,,72.59914498
Massachusetts,Middlesex,34.05833333,,,,,1602947,6.204919163,,,
Massachusetts,Norfolk,38.8443804,,8.53038674,,,700322,5.84529777,51.68171441,,70.14798716
Massachusetts,Plymouth,35.42618384,,,,23.43589744,515142,5.71192696,,,
Massachusetts,Suffolk,31.72328767,3.770083102,22.8910434,0.504109589,27.18042813,797939,5.901969692,53.58134566,103.5493766,62.39318804
Massachusetts,Worcester,35.46324549,3.978082192,21.76438356,1.016438356,24.24166667,826116,5.917041034,49.56837609,,69.58679824
Michigan,Allegan,43.43495935,,,,29.81355932,116447,5.066128304,51.07183344,100.2433338,
Michigan,Bay,,,,,27.40833333,104239,5.018030236,49.61727411,98.51086214,
Michigan,Benzie,39.39837398,,,,,17573,4.244845909,,,
Michigan,Berrien,42.2398374,,,,31.6,154259,5.188250512,51.97640752,100.5422605,
Michigan,Chippewa,31.06086957,,,,23.78571429,37711,4.576468049,47.06885482,98.85542121,
Michigan,Clinton,39.16182573,,,,,78443,4.894554195,,,
Michigan,Genesee,39.82892057,,,,29,407385,5.610005034,50.09926996,104.3007986,
Michigan,Huron,37.6122449,,,,,31280,4.495266744,47.90308217,105.8223891,
Michigan,Ingham,,,12.23123123,2.082191781,29.50420168,290186,5.462676456,51.02706472,101.0658306,
Michigan,Kalamazoo,40.71544715,,,,32.34188034,262985,5.419930978,50.89284118,98.22925977,
Michigan,Kent,37.22240527,3.197260274,,,34.26141079,648594,5.811972927,49.58852859,99.126516,64.91292235
Michigan,Lenawee,42.30612245,,,,29.97520661,98623,4.993978209,51.23828766,100.9642717,
Michigan,Macomb,39.5338809,,,,29.95867769,871375,5.940205096,51.01304597,101.6831386,70.55572123
Michigan,Manistee,37.73770492,,,,23.76271186,24427,4.387870132,47.18497123,96.20173423,
Michigan,Mason,38.43495935,,,,,29073,4.463489848,48.10569739,99.85409765,
Michigan,Missaukee,35.19726027,,2.021978022,,19.75423729,14998,4.176033349,45.652765,107.4002906,
Michigan,Monroe,,,,1.151685393,31.02586207,149649,5.175073819,52.26681556,102.8863413,
Michigan,Muskegon,42.46341463,,,,,173693,5.239782316,49.66769405,102.3230822,
Michigan,Oakland,,,,,32.33043478,1250836,6.097200372,51.54510365,102.8299478,
Michigan,Ottawa,41.90243902,,,1.98630137,,286383,5.456947234,49.9364522,98.04292206,
Michigan,St. Clair,40.6504065,,,8.181902124,32.1557377,159350,5.202352068,49.98046933,103.215425,
Michigan,Schoolcraft,33.72764228,,,,,8049,3.905741927,43.54026285,103.6036815,80.25941598
Michigan,Tuscola,35.17378917,,,,,52764,4.722337712,,,
Michigan,Washtenaw,38.88448276,,,,31.89256198,367627,5.5654074,52.25011419,100.7710673,
Michigan,Wayne,29.46468927,5.950519031,21.67111111,6.426556992,34.56981437,1753616,6.243934499,52.5415926,103.222855,67.10856428
Michigan,Wexford,35.84242424,,,,,33276,4.522131116,,,
Minnesota,Anoka,34.02131148,3.68907563,13.69863014,0.545454545,26.10169492,351373,5.545768387,,103.4741993,
Minnesota,Becker,34.53061224,,,,,34098,4.532728906,,,
Minnesota,Carlton,32.44588745,,,,,35498,4.550203885,,,
Minnesota,Crow Wing,34.52066116,,,,,64424,4.809047686,,,
Minnesota,Dakota,,3.120073327,13.09771689,1.936861653,27.18803419,421751,5.625056121,,103.1126403,
Minnesota,Goodhue,36.44489796,,,,,46304,4.665618509,,,
Minnesota,Hennepin,28.14521452,5.278082192,22.23287671,2.194366197,27.67768595,1252024,6.097612654,,103.5639851,
Minnesota,Lake,30.175,,,,,10524,4.022180839,,,
Minnesota,Lyon,36.775,,,,,25831,4.412141219,,,
Minnesota,Mille Lacs,33.91803279,,,,,25872,4.412830003,,,
Minnesota,Olmsted,36.56326531,,,,27.1512605,154930,5.190135521,,,
Minnesota,Ramsey,,3.791780822,,,29.24789916,547974,5.738759953,,,
Minnesota,Saint Louis,30.38515406,,,,20.27272727,200000,5.301029996,41.69754128,99.79099078,74.71708162
Minnesota,Scott,33.34520548,,,,26.30833333,145827,5.163837941,,,
Minnesota,Stearns,34.94605809,,,,,157822,5.198167543,,,
Minnesota,Washington,34.93415638,,,1.271232877,24.71428571,256348,5.408829933,49.0791096,,64.23253425
Minnesota,Wright,36.66938776,,,,,134286,5.128030738,,,
Mississippi,Bolivar,35.96551724,,,,,31945,4.504402892,,,
Mississippi,DeSoto,38.23577236,,,,31.75238095,178751,5.25224848,,,
Mississippi,Forrest,,,,,33.75221239,75471,4.877780104,,,
Mississippi,Grenada,,,,,30.53398058,21087,4.324014798,,,
Mississippi,Hancock,37.2406639,,,,31.13157895,47053,4.672587318,,,
Mississippi,Harrison,37.95744681,,,,31.62962963,205027,5.311811057,,,
Mississippi,Hinds,33.76480541,3.967930029,,0.592261905,35.03902439,239497,5.379300078,68.34128286,93.91632349,55.7720581
Mississippi,Jackson,38.59166667,,9.878453039,0.601173021,32.56756757,142152,5.152752974,,,
Mississippi,Lauderdale,33.05691057,,,,,76155,4.881698422,,,
Mississippi,Lee,35.7195122,,,,,84933,4.929076464,,,
Mississippi,Yalobusha,30.72905028,,,,,12497,4.09680577,,,
Missouri,Andrew,40.74796748,,,,,17555,4.244400834,,,
Missouri,Boone,40.74390244,,,,,178271,5.251080701,,,
Missouri,Callaway,39.42622951,,,,,45032,4.653521236,,,
Missouri,Cass,42.06097561,,,,,103724,5.015879257,57.08053405,94.12055163,68.21963472
Missouri,Cedar,38.83739837,,,,,14073,4.148386688,58.30938014,99.37597167,
Missouri,Clay,43.5170068,,,,,242874,5.385381025,56.63049744,97.14197361,72.293519
Missouri,Clinton,43.66260163,,,,,20554,4.312896352,,,
Missouri,Franklin,,,,3.548387097,,103330,5.014226429,,89.52533693,68.43134673
Missouri,Greene,40.85365854,,,,,289805,5.462105874,58.73504567,,64.69246576
Missouri,Iron,,,,10.20904729,,10226,4.009705788,,103.4883361,
Missouri,Jackson,,4.969187675,22.14520548,2.895890411,,698895,5.844411933,58.32565037,92.96610048,65.15055128
Missouri,Jasper,39.81300813,,,,,120217,5.079965886,,85.33644254,
Missouri,Jefferson,36.69512195,,,3.519176801,,223810,5.349879487,59.01824221,98.09023621,68.75837697
Missouri,Lincoln,42.7601626,,,,,56183,4.749604925,,94.38908826,
Missouri,Monroe,35.79063361,,2.632352941,0.714285714,,8612,3.935104021,,93.64480135,
Missouri,New Madrid,,,,1.813824885,,17582,4.245068276,,,
Missouri,Perry,44.57786885,,,,,19225,4.283866348,,96.17906389,
Missouri,Saint Charles,44.87446809,,,3.784931507,,395504,5.59715088,58.90413893,103.4791417,70.7008924
Missouri,Sainte Genevieve,44.38034188,,,,,17843,4.251467875,,91.44228046,
Missouri,Saint Louis,43.14663951,,19.16986301,2.834782609,37.8767507,996726,5.998575787,59.38857686,106.6029444,63.39779097
Missouri,Taney,38.64227642,,,,,55355,4.743156855,,104.6817639,
Missouri,St. Louis City,38.54246575,3.81424581,20.53835022,3.590659341,,308626,5.48943251,60.60029816,98.52409789,60.9991345
Montana,Fergus,41.19178082,,2.49408284,,,11291,4.052732407,44.63594433,,
Montana,Flathead,33.53982301,,,,,100000,5,40.43025804,82.47054331,
Montana,Gallatin,,,,,14.49428571,107810,5.032659046,36.79734963,98.80271217,69.72987432
Montana,Lewis and Clark,41.42036554,1.396501458,,0.215116279,29.171875,67773,4.83105671,44.17586993,92.69185873,57.11082264
Montana,Missoula,32.48245614,,,,,117441,5.069819741,,,
Montana,Phillips,32.96121884,,2.122977346,,,4119,3.614791792,44.6317078,,
Montana,Powder River,38.86111111,,2.855072464,,,1752,3.243534102,47.00053002,,
Montana,Richland,37.62674095,,2.523255814,6.206214689,,11039,4.042929733,53.31615647,,
Montana,Rosebud,38.39385475,,4.02739726,,,9248,3.966047821,47.1963905,,
Montana,Yellowstone,,,,8.883008357,,158980,5.201342493,50.41319319,,
Nebraska,Douglas,35.08056872,4.266943292,,5.529126214,36.20581655,561620,5.749442565,54.49327862,96.58625437,64.0983473
Nebraska,Hall,,,,,24.67567568,61519,4.789009267,,,
Nebraska,Knox,37.36338028,,,,,8472,3.927985947,,,
Nebraska,Lancaster,35.87445887,,,3.927113703,27.50413223,314358,5.497424517,,,
Nebraska,Scotts Bluff,,,,,29.78761062,36363,4.560659706,,,
Nebraska,Washington,,,,,27.51239669,20721,4.316410711,,,
Nevada,Churchill,45.04709141,,,,,24230,4.384353414,,,
Nevada,Clark,47.84594727,7.029106029,32.41007194,1.825842697,22.33224756,2204079,6.343227157,,99.56862804,28.40103197
Nevada,Douglas,,,,,25.54411765,48309,4.684028048,,,
Nevada,Lyon,42.68108108,,,,,54122,4.733373837,,,
Nevada,Washoe,42.75255302,5.190600522,23.9275766,0.767123288,25.36754177,460587,5.663311676,54.1014502,107.9571782,37.89499432
Nevada,White Pine,45.30494505,,,,,9592,3.98190917,50.12888608,94.58934842,42.64708228
Nevada,Carson City,44.20596206,,,,25.02465753,54745,4.73834446,,,
New Hampshire,Belknap,34.36744186,,,,19.30357143,60785,4.783796421,47.16032381,106.8771766,
New Hampshire,Cheshire,33.78116343,,,,26.11764706,75960,4.880584956,49.2298504,89.59780864,
New Hampshire,Coos,40.21454545,,,,,31634,4.50015411,54.46468442,,
New Hampshire,Grafton,31.13774105,,,,26.22222222,89386,4.951269503,46.17361385,101.0873132,
New Hampshire,Hillsborough,36.91652174,1.742937853,,0.836619718,13.48695652,409697,5.612462784,46.93481281,111.5752138,77.04104482
New Hampshire,Merrimack,33.86849315,,,1.246575342,,149216,5.173815394,49.54039361,102.5287975,
New Hampshire,Rockingham,36.63124336,1.953424658,,1.519178082,20.175,306363,5.486236314,50.69027847,110.2380091,68.36673165
New Jersey,Atlantic,37.4109589,,,0.202739726,26.00877193,269918,5.431231847,,,
New Jersey,Bergen,39.57894737,4.357541899,31.22752809,,29.86440678,948406,5.976994293,54.24005101,,58.2007285
New Jersey,Camden,37.2433281,2.191780822,22.82465753,0.64109589,34.6,510719,5.708182015,57.6465609,,56.31790338
New Jersey,Cumberland,34.5890411,,13.69315068,,,152538,5.183378048,,,
New Jersey,Essex,29.99725275,4.947802198,27.6584022,0.303030303,31.08181818,808285,5.907564519,54.93708222,101.3633513,58.35978207
New Jersey,Gloucester,40.40449438,,,,30.05309735,292206,5.465689129,,,
New Jersey,Hudson,31.08767123,5.443526171,27.8489011,0.221917808,32.55460385,691643,5.839881986,55.35664014,,59.67722618
New Jersey,Hunterdon,35.89044944,,,,,125059,5.097114952,52.63743237,,66.00173069
New Jersey,Mercer,35.6951049,,,,30.62898551,374733,5.57372194,53.74999082,,67.89998367
New Jersey,Middlesex,36.09269663,,16.31232877,,27.90833333,842798,5.925723496,,,
New Jersey,Monmouth,32.20769231,,,,,626351,5.796817775,,,
New Jersey,Morris,37.19559229,,7.35989011,0.394444444,24.5,499693,5.698703266,,,
New Jersey,Ocean,42.17490494,,,,27.503125,597943,5.776659786,,,
New Jersey,Passaic,38.42105263,,,,31.88888889,512607,5.709784532,,,
New Jersey,Union,,5.711538462,,,36.61830357,563892,5.751195933,55.70898995,,58.65075541
New Jersey,Warren,30.16483516,,21.05753425,1.213888889,29.03773585,106798,5.02856312,51.19199494,,67.39979061
New Mexico,Bernalillo,45.86197441,3.431318681,21.18356164,0.607734807,27.21428571,676773,5.830443024,59.86024624,101.7591506,34.33658177
New Mexico,Dona Ana,49.50342466,,14.88308116,,28.22105263,215579,5.333606453,65.8507008,,
New Mexico,Eddy,48.74394904,,8.603932584,,,56997,4.755851997,73.16572393,,44.84941067
New Mexico,Lea,45.69863014,,11.03287671,,18.1875,68759,4.837329552,,,
New Mexico,Rio Arriba,48.00824176,,,,,39159,4.592831593,,,
New Mexico,Sandoval,46.23013699,,,,,142507,5.153836198,,,
New Mexico,San Juan,45.65055981,,12.76051051,1.906341463,,126926,5.103550594,54.23085264,105.6049462,37.91009999
New Mexico,Santa Fe,45.29589041,,,,20.28571429,148750,5.172456974,,,
New Mexico,Taos,,,,,38.81481481,32795,4.515807635,,,
New Mexico,Valencia,45.93972603,,,,,75940,4.880470593,,,
New York,Albany,33.95316804,0.005479452,,0.261971831,25.45833333,309612,5.490817785,,,
New York,Bronx,31.60743802,0.008219178,27.48527349,1.066024759,30.94238683,1471160,6.167659908,55.95019568,102.0444626,57.29510763
New York,Chautauqua,38.54277286,,,0.310734463,25.57142857,129046,5.110744547,47.72917045,102.1395171,79.09030163
New York,Dutchess,33.31868132,,,0.030136986,,295568,5.470657413,,,
New York,Erie,36.26666667,2.224827586,19.34340659,0.384615385,29.08959538,925528,5.966389562,,61.76227566,
New York,Essex,33.26129944,,,0.061797753,15.64285714,37956,4.579280438,72.11309517,,
New York,Franklin,36.09333333,,4.847058824,1.100558659,,51116,4.708556861,,,
New York,Hamilton,35.53055556,,,0.021917808,,4485,3.651762447,43.88469462,,75.56144124
New York,Herkimer,31.98136646,,,0.04,,62240,4.794069584,,1.329513231,0
New York,Jefferson,35.3641791,,,,,114187,5.057616663,,,
New York,Kings,,,,,30.8677686,2648771,6.423044413,,,
New York,Monroe,35.82369942,3.463172805,16.50139276,,27.17721519,747642,5.873693691,51.58277874,77.37659294,66.28154674
New York,New York,30.76470588,0.005540166,,,34.22222222,1664727,6.221343023,,,
New York,Niagara,36.42023346,,,,,211328,5.324957043,,,
New York,Onondaga,34.61813187,,,0.169863014,23.13445378,465398,5.667824513,50.49437922,92.00204574,71.83061737
New York,Orange,32.39664804,,,,25.39473684,382226,5.582320226,51.31851406,,
New York,Oswego,34.45753425,,,,,118478,5.073637714,,,
New York,Putnam,35.74931129,,,0.129476584,,99323,4.997049829,,,
New York,Queens,34.62640449,4.207606973,27.934375,,29.49006623,2358582,6.37265098,56.11243924,96.33511526,
New York,Richmond,40.91603053,,,,29.35185185,479458,5.680750569,,,
New York,Rockland,35.14520548,,,,,328868,5.517021617,,,
New York,St. Lawrence,,,,15.86168741,,109623,5.039901683,,,
New York,Saratoga,34.53333333,,,,,229869,5.361480407,,,
New York,Seneca,,,,0.271708683,,34498,4.537793918,,,
New York,Steuben,33.28888889,1.915014164,,,20.45614035,96281,4.983540592,48.12956335,99.26155295,
New York,Suffolk,37.97456765,,,0.169491525,27.56779661,1492953,6.174046136,,,
New York,Tompkins,35.09116022,,,1.622222222,,104802,5.020369571,,,
New York,Wayne,37.02572347,,,,,90670,4.957463616,,,
New York,Westchester,35.60055096,,,,,980244,5.991334193,52.65818444,,70.96595298
North Carolina,Alexander,40.19230769,,,,,37286,4.571545795,,,
North Carolina,Avery,39.23297491,,,,,17536,4.243930537,,,
North Carolina,Beaufort,,,,3.583561644,,47088,4.672910245,,74.77314462,
North Carolina,Brunswick,,,,11.32328767,,130897,5.116929693,,85.7894233,
North Carolina,Buncombe,38.91463415,,,2.528409091,27.8559322,257607,5.41095766,,103.5064843,
North Carolina,Caldwell,41.98760331,,,0.222222222,,81981,4.913713212,,,
North Carolina,Carteret,35.24781341,,,,,68881,4.838099443,,,
North Carolina,Caswell,38.61570248,,,,,22646,4.354991503,,,
North Carolina,Catawba,,,,,30.74137931,157974,5.198585615,,,
North Carolina,Cumberland,40.88222698,,,,31.36538462,332546,5.521851728,,,
North Carolina,Davidson,,,,,33.49579832,165466,5.218708768,,,
North Carolina,Durham,39.97560976,,,0.268698061,30.84482759,311640,5.493653196,,,
North Carolina,Edgecombe,38.47346939,,,,,52747,4.722197764,,,
North Carolina,Forsyth,43.84281843,,14.49589041,0.488700565,29.72972973,376320,5.5755573,59.97328862,102.4366976,67.6694905
North Carolina,Graham,41.30252101,,,,,8541,3.931508722,,,
North Carolina,Granville,42.09836066,,,,,59557,4.774932813,,,
North Carolina,Guilford,43.93801653,,,,29.26229508,526953,5.721771881,,,
North Carolina,Haywood,42.22657343,,,35.45856354,,61084,4.785927468,,,
North Carolina,Jackson,45.85645933,,,,28.88695652,42973,4.633195673,,,
North Carolina,Johnston,38.34552846,,,,31.68333333,196708,5.293822023,,,
North Carolina,Lee,37.66759777,,2.366391185,0.066666667,,60430,4.781252594,62.45732898,95.52312099,71.32029046
North Carolina,Lenoir,38.91428571,,,,,56883,4.754982493,,,
North Carolina,Lincoln,41.41666667,,,,,82403,4.915943023,,,
North Carolina,Macon,33.22816901,,,,,34732,4.540729792,,,
North Carolina,Martin,37.62040816,,,0.333333333,,22789,4.357725268,,,
North Carolina,Mecklenburg,40.93617021,4.901369863,17.453125,,34.27019499,1076837,6.032149969,62.7533794,89.53638838,68.30113757
North Carolina,Mitchell,,,,,28.47747748,15072,4.178170885,,,
North Carolina,Montgomery,36.48640483,,,,,27435,4.438304965,,78.17495812,72.08855113
North Carolina,New Hanover,35.48962656,,,0.095890411,25.1,227198,5.356404504,,,
North Carolina,Person,40.40740741,,,5.48189415,,39370,4.595165415,,96.73511955,
North Carolina,Pitt,39.31707317,,,,28.35245902,179042,5.252954921,,,
North Carolina,Rockingham,41.36585366,,,1.516363636,,90949,4.958797928,,,
North Carolina,Rowan,37.60893855,,,,,140644,5.14812121,,,
North Carolina,Swain,34.95412844,,,,,14294,4.155153778,54.22409898,80.32208289,79.77582037
North Carolina,Union,42.43933054,,,,,231366,5.364299538,,,
North Carolina,Wake,37.94166667,4.290858726,14.60789845,,32.00819672,1072203,6.030277018,62.22305928,93.28973984,68.38598899
North Carolina,Yancey,45.39449541,,,,,17744,4.249051529,,,
North Dakota,Billings,37.3021978,,,1.309589041,,940,2.973127854,45.45436731,110.9318797,60.67221138
North Dakota,Burke,34.15384615,,3.534246575,3.824657534,,2131,3.32858345,40.18591695,111.1668777,66.54181823
North Dakota,Burleigh,33.10192837,2.162534435,11.43406593,2.233516484,25.1557377,95030,4.977860729,44.39067436,105.270669,64.68146894
North Dakota,Cass,30.78296703,,10.43561644,0.336986301,,177787,5.249900002,43.94406392,109.4287312,
North Dakota,Dunn,33.55487805,,4.582781457,0.74251497,,4289,3.632356046,42.6437336,107.5437033,
North Dakota,McKenzie,35.74358974,,2.6,1.387205387,,12724,4.10462366,45.04725829,102.7696798,
North Dakota,Mercer,34.22530864,,5.60522696,5.566055046,,8465,3.927626962,43.16149495,106.1289976,
North Dakota,Oliver,36.17032967,,4.614285714,3.78028169,,1940,3.28780173,43.34598531,111.4625272,
North Dakota,Stutsman,,,,2.430555556,,21087,4.324014798,41.65205479,,73.16529682
North Dakota,Ward,32.41691843,,3.150306748,0.71686747,,68946,4.838509075,43.95411901,105.7918154,
North Dakota,Williams,33.75824176,,,6.593370166,,33349,4.523082816,42.27354679,94.74466741,
Ohio,Adams,,,,3.326027397,,27726,4.442887219,,,
Ohio,Allen,42.17886179,,,0.216438356,30.73770492,103198,5.013671281,,,
Ohio,Ashtabula,41.87804878,,,1.350684932,,97807,4.990369938,,,
Ohio,Athens,,,,,26.12280702,66597,4.823454666,,,
Ohio,Belmont,,2.550684932,13.36986301,0.498630137,31.32432432,68029,4.832694087,,93.3572032,
Ohio,Butler,40.83757576,,,3.995417049,38.38504155,380604,5.580473348,,,
Ohio,Clark,41.2398374,,,0.528767123,32.47457627,134557,5.128906296,,,
Ohio,Clermont,43.80081301,,,,,204214,5.310085512,,,
Ohio,Clinton,43.35365854,,,,,42009,4.623342344,,,
Ohio,Columbiana,,,,2.326027397,,103077,5.01316177,,,
Ohio,Cuyahoga,37.9725777,4.39010989,19.38980716,3.370879121,36.28198758,1248514,6.096393417,53.26626459,98.78535384,74.99238877
Ohio,Delaware,37.82926829,,,,,200464,5.302036392,,,
Ohio,Fayette,36.79444444,,,,,28752,4.45866806,,,
Ohio,Franklin,40.70325203,3.539202201,19.0782967,0.298630137,33.68842105,1291981,6.111256127,,99.85371004,
Ohio,Gallia,,,,5.960586618,,29973,4.476730214,56.15479865,,
Ohio,Geauga,45.80894309,,,,,93918,4.972748836,,,
Ohio,Greene,40.76829268,,,,29.46551724,166752,5.222071051,,,
Ohio,Hamilton,41.18278302,4.634873323,24.73653566,2.942528736,34.54347826,813822,5.910529426,57.95139329,98.27688292,63.58334721
Ohio,Jefferson,37.03252033,,,4.217630854,34.67532468,66359,4.821899833,53.15086217,,
Ohio,Knox,39.2195122,,,,,61261,4.787184082,,,
Ohio,Lake,43.7703252,4.630136986,,1.536986301,29.27350427,230117,5.361948704,,,
Ohio,Lawrence,37.62295082,,,0.928767123,26.65486726,60249,4.779949843,,,
Ohio,Licking,39.64634146,,,,,173448,5.239169296,,,
Ohio,Lorain,39.91869919,,,,31.17391304,307924,5.48844354,,,
Ohio,Lucas,40.45663957,,,,33.76420455,430887,5.634363391,,102.7563566,
Ohio,Madison,41.55691057,,,,,44036,4.643807863,,,
Ohio,Mahoning,34.70124481,,,0.805479452,32.12429379,229796,5.361342465,,,
Ohio,Medina,41.34146341,,,,31.53153153,178371,5.251324247,,,
Ohio,Miami,41.69918699,,,,,105122,5.021693615,,,
Ohio,Montgomery,42.86178862,2.851239669,,,33.43801653,531542,5.725537586,,,
Ohio,Morgan,,,,3.421917808,,14709,4.167583148,,,
Ohio,Noble,37.53055556,,,,,14406,4.15854341,,,
Ohio,Portage,39.29387755,,,,30.22123894,162277,5.21025697,,,
Ohio,Preble,35.6,1.901369863,,0.797260274,30.30701754,41120,4.614053106,53.19456973,94.6354053,72.82296573
Ohio,Scioto,,,,2.753981329,27.58974359,75929,4.88040768,57.51780819,116.7904485,
Ohio,Stark,40.83468835,5.196132597,,,35.43933054,372542,5.571175242,,,
Ohio,Summit,39.56967213,1.215068493,,0.58839779,33.4248927,541228,5.733380256,,,
Ohio,Trumbull,40.41075269,,,,34.68292683,200380,5.301854372,,,
Ohio,Warren,44.02040816,,,,,228882,5.35961164,,,
Ohio,Washington,40.39430894,,,,,60418,4.781166345,,,
Ohio,Wood,39.5,,,,,130492,5.115583887,,,
Oklahoma,Adair,36.34647887,2.118589744,,0.772727273,,21909,4.340622555,60.61663278,96.547881,67.86625056
Oklahoma,Bryan,40.14381271,,,,,46319,4.665759175,,,
Oklahoma,Caddo,35.36283186,,,,,29173,4.464981092,65.44345235,,62.11820649
Oklahoma,Canadian,40.62569832,,12.88541667,,,139926,5.145898419,,,
Oklahoma,Cherokee,38.28014184,,,,,48888,4.689202271,61.6716494,,66.77113201
Oklahoma,Choctaw,37.67028986,,,,,14863,4.172106478,64.48956903,,66.90258624
Oklahoma,Cleveland,41.41292135,,,,,279641,5.446600847,,,
Oklahoma,Comanche,40.12121212,,,,,121526,5.084669203,,,
Oklahoma,Creek,38.91506849,,,,,71704,4.855543383,,,
Oklahoma,Dewey,41.425,,,,,4878,3.688241796,,,
Oklahoma,Garfield,,,,7.073033708,,61581,4.789446737,62.80800807,97.6698793,64.00510261
Oklahoma,Grady,,,9.453608247,,,54943,4.739912369,52.27555396,97.62171043,60.02618104
Oklahoma,Jefferson,42.74297189,,,,,6183,3.791199246,,,
Oklahoma,Kay,40.00719424,,,7.829201102,,44544,4.648789214,59.91969256,,42.47660159
Oklahoma,Lincoln,26.33333333,,,,,35142,4.545826474,38.12857744,,65.73127111
Oklahoma,Love,48.69741697,,,,,10034,4.001474097,,,
Oklahoma,McClain,41.1281337,,,,,39343,4.594867473,,,
Oklahoma,Mayes,38.97212544,,,7.830136986,,40921,4.611946238,60.87648464,86.75284255,66.24619672
Oklahoma,Muskogee,,,,8.387464387,,69086,4.839390048,63.02183271,88.72863479,66.49460275
Oklahoma,Oklahoma,40.9380863,4.977808599,21.28935532,0.326027397,30.2557377,787958,5.896503069,63.49568565,92.29825746,59.22855145
Oklahoma,Osage,39.42896936,,,,,47233,4.674245531,,,
Oklahoma,Ottawa,35.58823529,,,,,31312,4.495710808,61.80089635,,66.65990718
Oklahoma,Pittsburg,36.75498575,,,,32.26666667,44184,4.64526503,,,
Oklahoma,Sequoyah,36.07368421,,10.8150289,,33.57024793,41252,4.615445009,62.93507528,,66.96178575
Oklahoma,Tulsa,37.96952909,3.785714286,15.46428571,1.736073059,31.2991453,646266,5.810411308,,,
Oklahoma,Washington,39.4056338,,,,,51932,4.715435048,,,
Oregon,Clackamas,44.02649007,,,,,412672,5.615605003,52.81541542,82.19439499,
Oregon,Columbia,33.76973684,,,,,51782,4.71417882,53.22599059,117.7068137,
Oregon,Crook,,,,,38.17857143,23123,4.364044179,48.74061814,108.4958037,58.7070676
Oregon,Harney,,,,,38.85245902,7289,3.86266795,47.45691258,112.8855001,
Oregon,Jackson,49.17763158,,,,44.15384615,217479,5.337417327,52.97306134,115.4976607,74.87017646
Oregon,Josephine,,,,,41.56896552,86352,4.936272401,54.39468928,116.3625459,
Oregon,Klamath,,,,,38.74590164,66935,4.825653268,47.81494045,114.497119,61.42810006
Oregon,Lake,,,,,36.60185185,7863,3.895588276,48.01642844,86.29917921,
Oregon,Lane,37.04220779,,,,33.95925926,374748,5.573739324,,101.9551566,
Oregon,Marion,40.77922078,,,,,341286,5.533118473,63.79692388,103.7371154,
Oregon,Multnomah,30.67601246,4.368181818,15.7150838,0.502824859,29.86554622,807555,5.90717211,54.43140056,118.1497933,
Oregon,Umatilla,49.66233766,,,,,76985,4.886406114,71.12347473,99.31034694,
Oregon,Wasco,40.56666667,,,,,26437,4.422212171,,,
Oregon,Washington,31.11157895,4.261589404,20.22465753,,30.53164557,588957,5.770083588,53.88077438,89.86254246,69.97462715
Pennsylvania,Adams,37.23383769,1.274787535,2.332335329,,,102336,5.010028438,,,
Pennsylvania,Allegheny,40.227,6.248968363,16.22036262,10.11344922,40.98868374,1223048,6.087443502,54.42228697,99.91210472,70.15770245
Pennsylvania,Armstrong,36.82708934,,,,,65642,4.817181805,,,
Pennsylvania,Beaver,37.57630332,,17.67032967,4.187671233,37.15686275,166140,5.220474206,,,
Pennsylvania,Berks,35.06751055,,,1.397222222,33.42028986,417854,5.621024564,,,
Pennsylvania,Blair,34.95114943,,,1.289256198,,123457,5.091515719,,,
Pennsylvania,Bradford,32.60941828,,7.233802817,,,60853,4.784281993,,,
Pennsylvania,Bucks,38.59104478,,,,,628341,5.798195399,,,
Pennsylvania,Cambria,34.79395604,1.557692308,13,3.442307692,,133054,5.124027935,,,
Pennsylvania,Centre,36.17941586,,9.157593123,1.222560976,,162660,5.211280768,,,
Pennsylvania,Chester,38.18879056,,,,31.49152542,519293,5.715412468,,,
Pennsylvania,Clearfield,37.20689655,,,,,79685,4.901376577,,,
Pennsylvania,Cumberland,,,,,31.61242604,250066,5.398054647,,,
Pennsylvania,Dauphin,32.76237624,,,,33.8125,275710,5.440452518,,,
Pennsylvania,Delaware,35.53185596,,21.94480519,2.241486068,,564696,5.751814711,,,
Pennsylvania,Elk,36.70809249,,,,,30197,4.479963799,,,
Pennsylvania,Erie,36.38121547,1.161764706,10.24776119,,,274541,5.438607211,,,
Pennsylvania,Franklin,34.01388889,,,,,154234,5.188180122,,,
Pennsylvania,Greene,37.2183908,,,,,36770,4.56549363,,,
Pennsylvania,Indiana,39.45152355,,,5.553424658,,84953,4.92917872,,,
Pennsylvania,Lackawanna,32.69731259,2.292397661,20.82967033,,,210761,5.323790251,,,
Pennsylvania,Lancaster,34.62660944,,,,37.46969697,542903,5.734722242,,,
Pennsylvania,Lawrence,35.41643836,,,2.231197772,,87069,4.939863557,,,
Pennsylvania,Lebanon,35.05753425,,,,35.86039886,139754,5.145364247,,,
Pennsylvania,Lehigh,34.64225352,,,,,366494,5.564066869,,,
Pennsylvania,Luzerne,33.67318436,,,0.752747253,,317343,5.501528923,,,
Pennsylvania,Lycoming,35.12209302,,,,,113841,5.056298702,,,
Pennsylvania,Mercer,37.58428571,,,,,111750,5.048247532,,,
Pennsylvania,Monroe,35.16944444,,,,,168046,5.225428179,,,
Pennsylvania,Montgomery,37.34985423,,,,,826075,5.917019479,,,
Pennsylvania,Northampton,35.7788873,,16.11585366,8.475274725,32.32298137,303405,5.482022734,,,
Pennsylvania,Philadelphia,36.11210191,5.137805984,18.66432584,2.187327824,33.87469287,1580863,6.198894235,57.46187846,93.72359052,58.59907261
Pennsylvania,Somerset,36.92054795,,,,,74501,4.872162102,,,
Pennsylvania,Tioga,36.48895028,,3.266853933,,,40793,4.610585645,,,
Pennsylvania,Warren,,,,7.483146067,,39659,4.598341759,,,
Pennsylvania,Washington,36.69944341,,9.853025937,3.043352601,34.94940476,207298,5.316595112,,,
Pennsylvania,Westmoreland,34.74301676,,,,,352627,5.547315562,,,
Pennsylvania,York,35.62181303,2.497175141,18.88950276,1.97632312,,446078,5.649410805,,,
Rhode Island,Kent,39.74384236,,1.980392157,,,163760,5.21420783,50.56478406,96.84735595,75.8143116
Rhode Island,Providence,38.04958678,5.684062059,19.08767123,0.32739726,29.34770115,637357,5.80438276,52.60420322,100.7820356,68.83273165
Rhode Island,Washington,40.41860465,,,,20.96089385,126150,5.100887255,52.49232288,99.66972221,
South Carolina,Abbeville,25,,,,,24722,4.393083602,,,
South Carolina,Anderson,35.79323308,,,,,198759,5.298326803,,,
South Carolina,Berkeley,34.5515873,,,,,217937,5.338330968,,,
South Carolina,Charleston,34.6875,,3.6,2.059800664,30.20733652,401438,5.60361848,,114.3756996,
South Carolina,Chesterfield,37.34365325,,,,28.73469388,45948,4.662266612,,,
South Carolina,Darlington,38.62857143,,,,,67265,4.827789147,,,
South Carolina,Edgefield,34.98407643,,,,32.36,26693,4.426397386,,,
South Carolina,Florence,,,,,31.51648352,138566,5.14165668,,,
South Carolina,Greenville,37.29362881,,17.82739726,0.049382716,33.97815534,506837,5.704868312,,83.4010608,
South Carolina,Horry,33.46796657,,,,,333268,5.522793615,,,
South Carolina,Lexington,,,,0.130193906,36.05851064,290642,5.463358373,,,
South Carolina,Oconee,35.90934066,,,0.041208791,,77270,4.888010912,,,
South Carolina,Pickens,38.92766727,,,,,123479,5.091593104,,,
South Carolina,Richland,35.74670433,3.02266289,10.02881844,0.159317212,32.70491803,411592,5.614466925,65.75677195,92.3444697,67.43864464
South Carolina,Spartanburg,42.06374502,,,,32.89310345,306854,5.486931789,,,
South Carolina,York,37.9924812,,,,,266439,5.425597795,,,
South Dakota,Brown,,,,,22.50819672,39178,4.593042262,,,
South Dakota,Minnehaha,,,,,25.94915254,188616,5.27557853,,,
South Dakota,Pennington,,,,,22.79661017,110141,5.041949015,,,
Tennessee,Anderson,40.02845528,,,1.394957983,,76257,4.882279716,,,
Tennessee,Blount,40.28477905,1.836206897,,,30.88135593,129929,5.113706096,57.74228287,102.625611,74.02326592
Tennessee,Claiborne,35.94334278,,,,,31609,4.499810756,,,
Tennessee,Davidson,39.548,5.965317919,21.48356164,0.543956044,36.3189911,691243,5.839630746,,,
Tennessee,DeKalb,35.53424658,,,,,19852,4.297804267,,,
Tennessee,Dyer,,,,,27.125,37463,4.573602552,,,
Tennessee,Hamilton,41.92682927,,,,33.83913043,361613,5.558244035,,,
Tennessee,Jefferson,44.66169154,,,,,53804,4.730814564,,,
Tennessee,Knox,40.56198347,,,,33.67901235,461860,5.664510351,,,
Tennessee,Lawrence,,,,,27.01818182,43396,4.637449701,,,
Tennessee,Loudon,40.18181818,,,,31.1,52152,4.717270968,,,
Tennessee,McMinn,,,,,28.57142857,52877,4.723266807,,,
Tennessee,Madison,,,,,28.52212389,97643,4.989641114,,,
Tennessee,Maury,,,,,26.31481481,92163,4.964556603,,,
Tennessee,Putnam,,,,,27.47727273,77674,4.890275671,,,
Tennessee,Roane,,,,,30.06896552,53036,4.724570762,,,
Tennessee,Sevier,42.82967033,,,,,97638,4.989618875,50.77209231,105.5170905,76.25486279
Tennessee,Shelby,39.88333333,3.56456044,18.6109589,0.652892562,33.55988858,936961,5.971721514,63.23324732,83.17073132,74.98407798
Tennessee,Sullivan,42.82845188,,,28.45007032,27.84705882,157158,5.196336493,,,
Tennessee,Sumner,41.49593496,,,,29.71052632,183545,5.263742558,,,
Tennessee,Williamson,38.74654378,,,,,226257,5.354602024,,,
Tennessee,Wilson,38.30125523,,,,,136442,5.134948077,,,
Texas,Bell,41.54595336,,,,,347833,5.541370782,68.84222987,90.08395312,
Texas,Bexar,37.63507779,5.26446281,13.44863336,5.11281337,34.4612069,1958578,6.291940872,70.99279999,74.79803057,
Texas,Bowie,,,,,36.67213115,94012,4.973183292,66.26839027,72.36929739,
Texas,Brazoria,36.41678521,,8.728429986,,,362457,5.559256492,71.24581234,83.68653143,
Texas,Brewster,41.15342466,,,,26.70183486,9337,3.970207359,70.48460522,104.6212162,42.4959103
Texas,Cameron,29.84144645,5.303867403,,,37.55357143,423725,5.627084088,76.2644959,80.34511859,
Texas,Collin,41.28493151,,,,,969603,5.986593951,67.19634884,88.44323431,
Texas,Dallas,37.2632312,,14.58645929,,36.37572254,2618148,6.417994193,68.47536535,85.37468714,53.18940128
Texas,Denton,40.51643836,,11.3434903,,,836210,5.922315357,66.39655951,89.06950949,57.44508614
Texas,Ellis,37.72815534,,8.916897507,0.55801105,,173620,5.239599752,67.63247298,91.40594295,57.07403825
Texas,El Paso,40.83250139,5.102739726,26.39832536,1.13255814,34.30409357,840410,5.924491211,68.83058599,93.38172765,33.38253103
Texas,Freestone,,,,4.365079365,,19625,4.292809665,55.4781746,99.03945583,
Texas,Galveston,38.82507289,,5.756302521,1.974431818,27.08724832,335036,5.525091475,72.39014045,78.53271674,69.28151165
Texas,Gregg,,,7.030136986,,,123367,5.091199004,67.27240993,86.4802948,
Texas,Harris,33.58080808,6.105491329,17.54596671,1.135872655,40.01058201,4652980,6.667731186,72.03011214,83.13567254,65.88300935
Texas,Harrison,34.53719008,,5.48603352,7.153203343,34.55737705,66661,4.823871824,66.46356831,82.95820088,
Texas,Hidalgo,29.19726027,,,,37.26219512,860661,5.934832124,76.27124326,80.44460335,
Texas,Hood,38.02359882,,,,,58273,4.765467377,67.5755965,94.2914754,
Texas,Howard,,,,25.5380117,,36040,4.556784782,66.30323559,85.43641609,
Texas,Hunt,35.97260274,,7.84109589,,,93872,4.972536071,66.00685429,88.392805,
Texas,Hutchinson,,,,45.67768595,,21375,4.329906123,60.3645496,95.79182465,
Texas,Jefferson,34.08233276,2.601173021,8.852691218,6.993013972,,256299,5.408746912,70.72950982,80.09696203,70.82101807
Texas,Johnson,43.79178082,,,,,167301,5.223498537,66.6843343,94.49238881,
Texas,Kaufman,36.57142857,,7.11878453,1.824840764,,122883,5.089491805,67.35535414,84.60707505,61.46302571
Texas,McLennan,38.22395833,2.141361257,5.46875,0.78125,,251259,5.400121627,67.00894268,89.76727939,
Texas,Milam,,,,4.687671233,,25053,4.398859738,69.47481994,97.52835151,
Texas,Montgomery,40.23835616,,7.134246575,,,570934,5.756585907,69.59498864,79.0741868,
Texas,Navarro,38.59178082,,6.927170868,10.69241573,,48701,4.687537879,68.09350176,86.78891049,60.7671651
Texas,Nueces,32.1372549,,,0.60940499,33.93277311,361221,5.557772991,74.22438322,78.97204175,
Texas,Orange,,,9.406162465,11.82719547,41.85106383,85047,4.929658999,69.79174992,80.03410655,
Texas,Parker,37.77961433,,,,,133463,5.125360883,66.08814092,84.34235003,
Texas,Polk,31.7816092,,,,,49162,4.691629542,,,
Texas,Potter,,,,10.79178082,,120458,5.080835648,59.11707868,95.8604629,
Texas,Randall,44.35616438,,,,,134442,5.128534965,,,
Texas,Robertson,,,,2.098630137,,17203,4.235604189,68.91898958,84.96489339,
Texas,Rockwall,36.78143713,,,,,96788,4.985821516,67.50702426,83.7066445,
Texas,Rusk,,,,8.03030303,,52833,4.722905272,54.7367762,96.60352901,
Texas,Smith,36.87327824,,3.967032967,,,227727,5.357414525,67.08028812,85.51896962,
Texas,Tarrant,39.1293578,5.673972603,16.48478415,,34.77439024,2054475,6.312700861,67.81222009,90.53368696,56.55828894
Texas,Titus,,,,5.120547945,,32904,4.517248697,66.6654238,90.99887555,
Texas,Travis,37.0523416,6.079452055,22.92328767,,37.6,1226698,6.088737657,70.11728385,87.05254648,
Texas,Victoria,33.58448753,,,,,92084,4.964184176,72.38253933,79.78101623,
Texas,Webb,30.74431818,5.865329513,,,,274794,5.439007246,74.95619028,77.47522611,
Utah,Box Elder,39.0966811,,,,29.17125382,54079,4.733028652,50.98057038,223.9702814,54.06070224
Utah,Cache,41.44571429,,12.31210191,,,124438,5.094953022,46.8662944,,64.01200616
Utah,Carbon,48.76923077,,6.184563758,,,20295,4.307389056,58.59751792,,42.48649314
Utah,Davis,48.28219178,,23.33333333,,32.58166189,347637,5.541125993,54.47680666,,50.60242841
Utah,Duchesne,46.1829436,,10.56056338,,,20026,4.301594212,49.36009433,,51.53860518
Utah,Salt Lake,50.70895522,4.771014493,19.7740458,0.752542373,31.48493683,1135649,6.055244123,54.54939093,,49.97092044
Utah,San Juan,45.9761194,,,,,15356,4.186278103,56.62468721,94.22495629,37.34373909
Utah,Tooele,47.75342466,,7.42,,26.80991736,67456,4.829020585,53.82685038,,50.22356698
Utah,Uintah,46.67927632,,6.943462898,,,35150,4.545925329,49.79711528,95.78994397,51.20700757
Utah,Utah,47.42686567,5.304945055,27.88509317,,30.44572526,606425,5.782777097,53.96748048,,58.33978501
Utah,Washington,45.31120332,,9.290419162,,,165662,5.2192229,64.07993184,84.76057934,32.6730903
Utah,Weber,46.36127168,7.545454545,33.68253968,,34.01994302,251769,5.401002255,52.94425254,,66.01955114
Vermont,Bennington,34.80112045,,,,,35594,4.551376796,48.33641244,105.2185732,73.19515632
Vermont,Chittenden,34.7740113,3.089635854,11.19178082,,18.19135802,162372,5.21051114,47.88770814,92.45779402,61.19361276
Vermont,Rutland,33.40909091,2.820441989,14.20718232,0.2,26.70833333,59087,4.77149194,48.30717871,115.4316998,72.47205267
Virginia,Albemarle,38.81589958,,,,27.20661157,107702,5.032223768,,,
Virginia,Arlington,42.25203252,3.817142857,18.49589041,,31.39166667,234965,5.371003175,,,
Virginia,Botetourt,,,,6.730769231,,33192,4.521033422,,,
Virginia,Caroline,38.2195122,,,,,30461,4.483744157,,,
Virginia,Charles,37.26229508,,10.82548476,3.379120879,28.8442623,7004,3.845346137,,,
Virginia,Chesterfield,37.55833333,,,,29.63934426,343599,5.536051891,,,
Virginia,Fairfax,40.41869919,6.367977528,25.25479452,0.422222222,28.50564972,1148433,6.060105663,,,
Virginia,Fauquier,35.59756098,,,,,69465,4.84176604,,,
Virginia,Frederick,37.9055794,,,,31.01724138,86484,4.936935768,,,
Virginia,Giles,39.65266106,,,55.13864307,,16837,4.226264712,,,
Virginia,Hanover,39.60416667,,,,,105923,5.024990273,,,
Virginia,Henrico,36.94692737,3.393939394,15.26058632,0.399441341,29.89090909,327898,5.515738768,62.09230762,80.30021174,60.36559132
Virginia,Loudoun,42.15853659,,12.71506849,,30.21367521,398080,5.599970359,,,
Virginia,Madison,39.84848485,,,,,13277,4.123099955,48.35123244,117.0617567,72.84515557
Virginia,Prince Edward,35.61111111,,,,,22703,4.356083249,,,
Virginia,Prince William,41.0083682,,8.416438356,,,463023,5.665602565,,,
Virginia,Roanoke,39.06097561,3.490250696,11.59178082,0.364383562,27.31955923,93730,4.971878617,,,
Virginia,Rockbridge,36.95528455,,,,,22659,4.355240739,,,
Virginia,Rockingham,38.95528455,,17.79726027,0.161643836,28.40336134,80227,4.904320553,,,
Virginia,Stafford,38.27477477,,,,,146649,5.166279106,,,
Virginia,Wythe,39.7804878,,,,,28882,4.460627264,,,
Virginia,Bristol City,,,,,29.67256637,16790,4.225050696,,,
Virginia,Covington City,,,,8.838888889,,5531,3.742803658,,,
Virginia,Hampton City,41.05284553,2.443835616,7.893150685,0.662921348,26.3826087,134669,5.129267635,,,
Virginia,Lynchburg City,,,,,26.65789474,80995,4.90845821,,,
Virginia,Norfolk City,,3.325648415,15.67621777,0.198863636,28.75206612,244703,5.388639294,,,
Virginia,Richmond City,,4.211428571,22.00854701,,33.71666667,227032,5.356087075,,,
Virginia,Salem City,,,,,28.76785714,25862,4.412662107,,,
Virginia,Suffolk City,37.69547325,,,,,90237,4.955384648,,,
Virginia,Virginia Beach City,,,,,27.46781116,450435,5.653632129,,,
Washington,Benton,53.95798319,,,,,198171,5.297040101,55.78855989,104.0068366,
Washington,Chelan,,,,0.027624309,,76533,4.883848737,52.30492158,123.1331779,
Washington,Clallam,32.58892128,,,,,75474,4.877797368,46.06624091,97.6266009,86.3462143
Washington,Clark,37.36842105,,,,,474643,5.67636708,53.00165317,101.1481501,
Washington,Grant,,,9.614814815,,,95158,4.978445306,38.83353145,101.4091476,
Washington,King,34.53473945,7.029325513,27.859375,,25.14159292,2188649,6.340176118,51.48725505,92.08644469,76.81601458
Washington,Pierce,41.27840909,,25.88285714,,30.22941176,876764,5.942882709,51.41172108,84.86946567,
Washington,Skagit,29.29145729,,9.74556213,,,125619,5.099055332,50.34643141,,78.53744179
Washington,Spokane,44.70234114,,,,,506152,5.704280957,50.63073124,104.5929902,
Washington,Thurston,37.86928105,,,,,280588,5.448069093,,,
Washington,Whatcom,31.31491713,,,19.33850494,,221404,5.345185463,47.61211673,81.02558526,
Washington,Yakima,,,,,39.00847458,250193,5.398275155,51.59738943,101.3451162,
West Virginia,Berkeley,37.0203252,,,,34.53333333,114920,5.060395617,,,
West Virginia,Brooke,,,,7.894444444,36.8,22443,4.351080909,53.19151103,,
West Virginia,Cabell,39.43495935,,,,32.26890756,94958,4.977531559,,,
West Virginia,Gilmer,31.075,,,,,8005,3.903361336,,,
West Virginia,Greenbrier,38.64081633,,,,,35287,4.547614737,,,
West Virginia,Hancock,39.54693878,,,6.002739726,33.875,29448,4.469055804,,,
West Virginia,Harrison,,,,,31.08333333,67811,4.831300149,,,
West Virginia,Kanawha,34.60547945,3.673972603,,1.343373494,30.27705628,183293,5.263145879,58.87882816,102.7571394,64.17700288
West Virginia,Marion,,,,,32.125,56337,4.750793717,,,
West Virginia,Marshall,,,,3.42739726,37.07438017,31190,4.494015375,,,
West Virginia,Mason,,,,7.347945205,,26801,4.428150999,55.5343657,,
West Virginia,Mineral,,,,20.37299035,,27222,4.43492003,,,
West Virginia,Monongalia,38.76734694,,,2.310650888,29.94871795,105030,5.021313365,,,
West Virginia,Ohio,41.41463415,,,,32.325,42035,4.623611052,,,
West Virginia,Tucker,35.54415954,,,,,6915,3.839792184,,,
West Virginia,Wood,37.80487805,,,6.921126761,33.38596491,85104,4.929949973,,,
Wisconsin,Ashland,33.03013699,,,,14.22413793,15500,4.190331698,42.94683785,96.31326378,79.51457627
Wisconsin,Brown,37.07142857,,,2.140495868,28.36956522,262052,5.418387479,,,
Wisconsin,Columbia,39.29288703,,,,,57248,4.757760319,,,
Wisconsin,Dane,40.03862661,,,0.736986301,30.05228758,536416,5.729501723,49.77901484,96.8324555,
Wisconsin,Dodge,,2.145205479,,0.224657534,27.72916667,87786,4.943425261,48.50528979,103.4037005,71.43580387
Wisconsin,Door,38.5907173,,,,,27483,4.439064138,51.51216744,95.55904625,
Wisconsin,Eau Claire,35.57258065,,,,25.38333333,103671,5.015657288,,102.7060955,
Wisconsin,Fond du Lac,38.13807531,,,,,102548,5.010927195,,,
Wisconsin,Forest,34.59504132,,,0.065934066,15.52941176,8970,3.952792443,42.15087049,106.1268287,78.40399399
Wisconsin,Grant,,,,,28.91304348,51999,4.715994992,36.02262265,104.0412506,
Wisconsin,Jefferson,40.30894309,,,,,84832,4.928559706,,,
Wisconsin,Kenosha,45.90981964,,,,29.0375,168521,5.226654028,49.79467091,103.0815429,
Wisconsin,Kewaunee,40.34599156,,,,,20445,4.310587115,,,
Wisconsin,La Crosse,36.89473684,,,,27.41414141,118274,5.072889285,,,
Wisconsin,Manitowoc,39.65822785,,1.64,,,79175,4.898588072,52.26959812,105.3365429,
Wisconsin,Marathon,37.0464135,,,,,135732,5.132682248,,,
Wisconsin,Milwaukee,37.71957041,3.019886364,20.45555556,0.421917808,32.36075949,952085,5.978675723,49.58199627,101.5126175,
Wisconsin,Oneida,,,,4.830136986,,35254,4.5472084,43.41781352,106.8519695,
Wisconsin,Outagamie,37.93248945,,,11.18630137,26.53947368,186059,5.269650682,,,
Wisconsin,Ozaukee,42.17987152,,,,24.66666667,88429,4.946594714,47.29632773,106.8796545,
Wisconsin,Racine,47.66521739,,,,,196071,5.292413364,,,
Wisconsin,Rock,41.19747899,,,,,162309,5.210342602,,,
Wisconsin,Sauk,37.9612069,,,,23.47457627,63981,4.806051024,47.01563204,96.23599825,
Wisconsin,Sheboygan,42.80824742,,,,,115344,5.061995008,53.32846327,99.24191381,
Wisconsin,Taylor,33.84943182,,,,18.875,20321,4.307945076,,,
Wisconsin,Vilas,35.42194093,,,,15.1025641,21683,4.33611937,,,
Wisconsin,Walworth,39.7877551,,,,,103082,5.013182836,57.16974419,97.07090031,
Wisconsin,Waukesha,38.75105485,,,,,400621,5.602733711,49.56145184,103.3035684,
Wyoming,Albany,47.39349593,,17.02057613,0.188888889,21.09090909,38332,4.583561479,43.90279264,99.20951146,52.97696802
Wyoming,Big Horn,37.71823204,,,,,11906,4.075765878,45.88000591,,59.33428389
Wyoming,Campbell,40.85890411,,7.821100917,,,46242,4.665036609,46.88529624,212.6248228,58.18268118
Wyoming,Carbon,43.97534247,,7.457865169,6.536986301,,15303,4.184776578,44.87120386,88.85356649,56.84151769
Wyoming,Converse,41.88219178,0.351851852,5.950684932,1.781163435,,13809,4.14016223,47.48944826,212.2906024,54.70019282
Wyoming,Fremont,44.90373563,,0.536549708,18.61917808,15.59197787,39803,4.599915807,41.9651185,139.8038324,58.61557196
Wyoming,Laramie,44.72828508,1.848314607,22.54255319,0.291938998,18.66666667,98327,4.992672789,47.8726749,114.4093015,53.90380105
Wyoming,Natrona,41.95169082,,11.88746569,1.793053546,19.50909091,79547,4.900623806,49.1275996,122.7514436,51.38455421
Wyoming,Park,,,,,20.24528302,29568,4.47082195,,,
Wyoming,Sheridan,42.56367925,,13.95762712,0.215686275,26.87619048,30210,4.480150725,45.83729509,111.85755,61.86768165
Wyoming,Sublette,45.6820466,,5.003844042,,22.92520776,9799,3.991181758,38.82100415,118.4562564,61.98872487
Wyoming,Sweetwater,41.71362373,,8.001369863,3.638545953,22.73770492,43534,4.638828573,43.04559618,116.3966048,58.11910314
Wyoming,Teton,41.92253521,2.164383562,,,15.53517588,23265,4.366703057,35.92349215,97.31891755,69.62124245
Wyoming,Uinta,44.12672176,,4.539726027,,,20495,4.311647923,43.64827954,,56.21801472
Wyoming,Weston,41.45846154,,,0.440111421,,6927,3.840545188,48.00686195,,55.36472718
Alabama,Escambia,,,,,,,,65.17863948,102.1838332,16.45990703
Alaska,Denali ,,,,,,,,30.7125734,,70.69199387
California,Mono,,,,,,,,46.07571054,96.10767824,
Colorado,Prowers,,,,,,,,44.89020108,91.13759192,
Country Of Mexico,BAJA CALIFORNIA NORTE,,,,,,,,78.78421126,,
Georgia,Dawson,,,,,,,,,101.7084276,
Idaho,Bannock,,,,,,,,49.23265971,105.3320451,52.73829083
Idaho,Bonner,,,,,,,,46.2837676,82.80791323,65.61876287
Idaho,Kootenai,,,,,,,,46.93529283,104.3397444,73.52336054
Idaho,Latah,,,,,,,,47.06946154,83.44106084,70.20767762
Idaho,Nez Perce,,,,,,,,51.52771704,93.5965208,52.75252965
Idaho,Twin Falls,,,,,,,,47.18123342,98.50104684,62.7904686
Iowa,Cerro Gordo,,,,,,,,,97.26764953,
Maryland,Anne Arundel,,,,,,,,57.71691378,196.0604338,62.64811352
Michigan,Cass,,,,,,,,52.08186687,100.9011391,
Michigan,Ionia,,,,,,,,49.12162001,101.2714528,
Missouri,Buchanan,,,,,,,,57.58021711,96.79351438,64.35526951
New York,Nassau,,,,,,,,55.01267123,,68.94543377
Oregon,Deschutes,,,,,,,,47.03366916,108.0767713,59.29452019
Oregon,Union,,,,,,,,49.87281616,111.9774985,61.99587055
Puerto Rico,Adjuntas,,,,,,,,,,
Puerto Rico,Fajardo,,,,,,,,,,
Puerto Rico,Guayama,,,,,,,,,,
Puerto Rico,Guayanilla,,,,,,,,,,
Puerto Rico,Guaynabo,,,,,,,,,,
Puerto Rico,Ponce,,,,,,,,,,
South Dakota,Custer,,,,,,,,49.17235188,105.9030689,53.15723286
Texas,Chambers,,,,,,,,71.99081,81.04820561,
Texas,Ector,,,,,,,,66.37673128,85.38405006,
Texas,Kleberg,,,,,,,,73.64274667,75.49016174,
Texas,Lubbock,,,,,,,,62.40717689,92.87108324,
Texas,Maverick,,,,,,,,74.88659355,81.81852231,
Virgin Islands,St Croix,,,,,,,,,,
Washington,Okanogan,,,,,,,,50.42599408,88.99371943,
Washington,Stevens,,,,,,,,47.46475266,85.66136405,
Wyoming,Johnson,,,,,,,,47.25550041,,57.84709956
Wyoming,Lincoln,,,,,,,,41.64716675,,57.93269285