,State_name,County_name,Year,avgAQI_o3,avgAQI_co,avgAQI_no2,avgAQI_so2,avgAQI_pm25,Population
0,Alabama,Baldwin,2017,37.53617021,,,,30.21818182,212628
1,Alabama,Clay,2017,,,,,32.45762712,13367
2,Alabama,Colbert,2017,35.80894309,,,,30.48739496,54500
3,Alabama,DeKalb,2017,36.84401114,,,,32.88695652,71617
4,Alabama,Elmore,2017,34.01304348,,,,,81677
5,Alabama,Etowah,2017,38.20816327,,,,35.76106195,102755
6,Alabama,Houston,2017,32.65306122,,,,34.83898305,104346
7,Alabama,Jefferson,2017,36.64644236,5.173611111,20.30132939,13.58677686,38.12025316,659197
8,Alabama,Madison,2017,39.49593496,,,,30.80508475,361046
9,Alabama,Mobile,2017,36.55888651,,,1.652046784,32.55855856,413955
10,Alabama,Montgomery,2017,36.99173554,,,,36.25641026,226646
11,Alabama,Morgan,2017,38.62761506,,,,31.4,118818
12,Alabama,Russell,2017,37.66255144,,,,37.2037037,57045
13,Alabama,Shelby,2017,37.05761317,,,3.156593407,,213605
14,Alabama,Sumter,2017,32.53097345,,,,,12687
15,Alabama,Talladega,2017,,,,,35.30172414,80065
16,Alabama,Tuscaloosa,2017,34.9218107,,,,33.31818182,207811
17,Alaska,Anchorage,2017,,12.63736264,,,,294356
18,Alaska,Denali,2017,32.45604396,,,,,2074
19,Alaska,Fairbanks North Star,2017,20.52413793,5.787965616,21.06442577,15.08815427,,99703
20,Alaska,Fairbanks North Star ,2017,,,,,33.79909366,99703
21,Alaska,Juneau ,2017,,,,,21.73333333,32094
22,Alaska,Matanuska-Susitna,2017,25.96052632,,,,,106532
23,Arizona,Apache,2017,,,,,10.89655172,71606
24,Arizona,Cochise,2017,46.82465753,,,,,124756
25,Arizona,Coconino,2017,46.69863014,,,,,140776
26,Arizona,Gila,2017,48.58791209,,,25.90899471,,53501
27,Arizona,La Paz,2017,45.40883978,1.765472313,,,,20601
28,Arizona,Maricopa,2017,49.77480607,6.706382979,32.58066362,2.795857988,33.25842697,4307033
29,Arizona,Navajo,2017,46.37534247,,,,,108956
30,Arizona,Pima,2017,45.41055922,3.55685734,18.08767123,0.076712329,26.26666667,1022769
31,Arizona,Pinal,2017,47.48683473,,,,37.71388102,430237
32,Arizona,Santa Cruz,2017,,,,,34.59649123,46212
33,Arizona,Yuma,2017,44.51977401,,,,,207534
34,Arkansas,Arkansas,2017,,,,,31.98230088,17967
35,Arkansas,Ashley,2017,,,,,34.08264463,20283
36,Arkansas,Clark,2017,33.71823204,,,,,22293
37,Arkansas,Crittenden,2017,36.36164384,,15.53296703,,32.95081967,48750
38,Arkansas,Garland,2017,,,,,34.16528926,98658
39,Arkansas,Jackson,2017,,,,,32.7704918,17135
40,Arkansas,Newton,2017,36.26648352,,,,,7828
41,Arkansas,Polk,2017,38.0359116,,,,33.14876033,20118
42,Arkansas,Pulaski,2017,35.00137552,,17.23835616,,37.36929461,393956
43,Arkansas,Union,2017,,,,,36.36363636,39449
44,Arkansas,Washington,2017,36.99726027,,,,32.18181818,231996
45,California,Alameda,2017,29.68225352,7.455609085,21.00473186,1.600558659,,1663190
46,California,Amador,2017,41.21369863,,,,,38626
47,California,Butte,2017,44.49724518,,13.1260274,,34.11987382,229294
48,California,Calaveras,2017,50.28932584,,,,,45670
49,California,Colusa,2017,37.80615385,,,,27.41516245,21805
50,California,Contra Costa,2017,34.43157895,4.663003663,12.25319309,2.646352724,,1147439
51,California,Del Norte,2017,,,,,24.26022305,27470
52,California,El Dorado,2017,54.15329513,,,,,188987
53,California,Fresno,2017,56.83722804,4.98028169,19.97279289,,45.20819491,989255
54,California,Glenn,2017,37.83569405,,,,,28094
55,California,Humboldt,2017,28.43262411,3.037709497,3.536516854,0.01810585,32.11077844,136754
56,California,Imperial,2017,41.49159971,0.984455959,21.82697947,,40.27079646,182830
57,California,Inyo,2017,40.7769986,1.198697068,,0.004032258,20.44420601,18026
58,California,Kern,2017,62.39498765,4.253443526,20.95321229,,49.60305344,893119
59,California,Kings,2017,53.41975309,,16.88767123,,53.98305085,150101
60,California,Lake,2017,34.64010989,,,,20.16949153,64246
61,California,Los Angeles,2017,51.37232182,6.264146457,26.06939314,2.6184573,41.95264987,10163507
62,California,Madera,2017,53.83608815,,12.26849315,,43.18181818,156890
63,California,Marin,2017,29.30410959,5.147945205,18.06027397,,,260955
64,California,Mariposa,2017,53.35335689,,,,,17569
65,California,Mendocino,2017,32.20867209,,,,,88018
66,California,Merced,2017,47.66483516,,14.78021978,,44.2,272673
67,California,Monterey,2017,33.52747253,3.32320442,10.95342466,,,437907
68,California,Napa,2017,31.96164384,7.169863014,14.27123288,,,140973
69,California,Nevada,2017,66.75890411,,,,24.82666667,99814
70,California,Orange,2017,45.79258675,6.470915842,25.81868132,0.082872928,39.88349515,3190400
71,California,Placer,2017,45.67116853,,16.53150685,,28.27307692,386166
72,California,Plumas,2017,,,,,41.49282297,18742
73,California,Riverside,2017,60.7294686,3.778082192,15.12116136,,40.42199488,2423266
74,California,Sacramento,2017,40.55384615,4.968056788,11.25757576,3.057142857,35.76083189,1530615
75,California,San Benito,2017,38.70958904,,,,,60310
76,California,San Bernardino,2017,64.54298523,5.810114943,30.53338665,1.420183486,43.71901709,2157404
77,California,San Diego,2017,46.13128877,6.81043956,17.42634731,0.002754821,35.81658031,3337685
78,California,San Francisco,2017,26.58241758,5.771978022,22.12054795,,,884363
79,California,San Joaquin,2017,39.275,,11.26210826,,,745424
80,California,San Luis Obispo,2017,39.37712703,,8.813443073,0.010958904,36.86695279,283405
81,California,San Mateo,2017,29.55431755,5.978021978,20.02465753,,,771410
82,California,Santa Barbara,2017,36.07531782,2.831267218,5.424679924,0.457236842,36.01591896,448150
83,California,Santa Clara,2017,37.57315937,7.39888424,23.42977528,0.29226361,38.63063063,1938153
84,California,Santa Cruz,2017,32.56164384,,,,,275897
85,California,Shasta,2017,39.58085569,,,,29.0862069,179921
86,California,Siskiyou,2017,25.29487179,,,,36.3220339,43853
87,California,Solano,2017,35.48440748,6.363636364,16.43406593,1.148351648,,445458
88,California,Sonoma,2017,31.24383562,5.657534247,10.4739726,,,504217
89,California,Stanislaus,2017,48.71232877,,19.56497175,,44.66666667,547899
90,California,Sutter,2017,37.93045564,,15.00828729,,34.97005988,96648
91,California,Tehama,2017,49.5203252,,,,,63926
92,California,Tulare,2017,64.20538721,,21.59883721,,55.40707965,464493
93,California,Tuolumne,2017,53.10714286,,,,,54248
94,California,Ventura,2017,46.96816685,,14.1890411,,,854223
95,California,Yolo,2017,38.51936872,,9.297124601,,32.4,219116
96,Colorado,Adams,2017,,4.96978022,30.80685358,,,503167
97,Colorado,Arapahoe,2017,49.82655827,,,,24.35,643052
98,Colorado,Archuleta,2017,44.07177033,,7.028301887,0.411214953,,13315
99,Colorado,Boulder,2017,48.17977528,,,,24.98347107,322514
100,Colorado,Clear Creek,2017,53.58709677,,,,,9574
101,Colorado,Denver,2017,40.12228261,6.662534435,36.98754325,3.062068966,29.07249071,704621
102,Colorado,Douglas,2017,52.9076087,,,,21.76229508,335299
103,Colorado,El Paso,2017,46.70656934,,,3.806094183,,699232
104,Colorado,Garfield,2017,41.24102079,,8.95480226,,17.01685393,59118
105,Colorado,Gunnison,2017,47.25561798,,,,,16939
106,Colorado,Jefferson,2017,50.30801688,,,,,574613
107,Colorado,La Plata,2017,46.0735568,4.247863248,7.502325581,,12.66666667,55589
108,Colorado,Larimer,2017,45.62267658,4.98630137,,,,343976
109,Colorado,Mesa,2017,43.40659341,4.216438356,,,,151616
110,Colorado,Moffat,2017,44.57022472,,,,,13131
111,Colorado,Montezuma,2017,43.35252809,,,,,26140
112,Colorado,Montrose,2017,40.38108883,,,,,41784
113,Colorado,Park,2017,46.67127072,,1.651098901,,13.78285714,17905
114,Colorado,Pueblo,2017,,,,,22.61016949,166475
115,Colorado,Rio Blanco,2017,43.18319559,,1.967503693,,31.80116959,6420
116,Colorado,Weld,2017,45.78932584,2.980821918,,,29.79130435,304633
117,Connecticut,Fairfield,2017,45.13545347,5.564383562,19.37908497,0.378082192,25.85123967,949921
118,Connecticut,Hartford,2017,34.94929577,5.168859649,22.97796143,0.277777778,27.42458101,895388
119,Connecticut,Litchfield,2017,38.48882682,1.895890411,,0.145604396,17.78181818,182177
120,Connecticut,Middlesex,2017,43.65116279,,,,,163410
121,Connecticut,New Haven,2017,38.96808511,3.552486188,25.60946746,0.274238227,27.20111732,860435
122,Connecticut,New London,2017,42.83018868,,,,21.50746269,269033
123,Connecticut,Tolland,2017,40.40186916,,,,,151461
124,Connecticut,Windham,2017,36.38440111,,,,,116359
125,Delaware,Kent,2017,38.36619718,,,,26.39732143,176824
126,Delaware,New Castle,2017,37.31213873,3.945859873,20.59269663,0.593822394,30.53111433,559793
127,Delaware,Sussex,2017,36.92649098,,,0.016901408,27.43859649,225322
128,District Of Columbia,District of Columbia,2017,33.14351426,5.355062413,21.62216105,1.646575342,37.42885375,693972
129,Florida,Alachua,2017,34.3884058,,,,27.76068376,266944
130,Florida,Baker,2017,34.10027855,,,,,28283
131,Florida,Bay,2017,34.93424658,,,,,183563
132,Florida,Brevard,2017,34.76128093,,,,27.43877551,589162
133,Florida,Broward,2017,32.50229008,5.122377622,18.47727273,0.485659656,27.91955446,1935878
134,Florida,Citrus,2017,,,,6.807365439,,145647
135,Florida,Collier,2017,32.29329609,,,,,372880
136,Florida,Columbia,2017,34.52472527,,,,,69612
137,Florida,Duval,2017,34.70813845,6.242276423,18.81686047,2.353579176,29.79454023,937934
138,Florida,Escambia,2017,37.35028249,,,1.456824513,31.93043478,313512
139,Florida,Flagler,2017,33.82548476,,,,,110510
140,Florida,Hamilton,2017,,,,1.642642643,,14184
141,Florida,Highlands,2017,33.3480826,,,,,102883
142,Florida,Hillsborough,2017,37.06181818,4.68115942,15.56122449,3.348185869,32.76216216,1408566
143,Florida,Holmes,2017,33.90304709,,,,,19558
144,Florida,Indian River,2017,37.89710611,,,,,154383
145,Florida,Lake,2017,37.24657534,,,,,346017
146,Florida,Lee,2017,34.11373093,,,,28.33009709,739224
147,Florida,Leon,2017,33.11235955,,,,32.52336449,290292
148,Florida,Liberty,2017,31.63611111,,,,,8242
149,Florida,Manatee,2017,34.62959559,,,3.44092219,,385571
150,Florida,Marion,2017,34.74781341,,,,,354353
151,Florida,Martin,2017,33.15492958,,,,,159923
152,Florida,Miami-Dade,2017,32.97901049,3.475624257,16.27649007,0.166172107,30.81210191,2751796
153,Florida,Nassau,2017,,,,7.922413793,,82721
154,Florida,Okaloosa,2017,35.1369863,,,,,202970
155,Florida,Orange,2017,35.09243697,6.483588621,14.99029126,0.331506849,44.22727273,1348975
156,Florida,Osceola,2017,35.41369863,,,,,352180
157,Florida,Palm Beach,2017,32.42074928,,11,,27.5045045,1471150
158,Florida,Pasco,2017,36.12898551,,,,,525643
159,Florida,Pinellas,2017,34.90573013,2.92926491,13.0261348,0.882697947,31.16971279,970637
160,Florida,Polk,2017,36.37955182,,,4.019553073,30.82882883,686483
161,Florida,Putnam,2017,,,,3.62962963,,73464
162,Florida,St. Lucie,2017,34.80232558,,,,,313506
163,Florida,Santa Rosa,2017,34.8603352,,,,,174272
164,Florida,Sarasota,2017,34.84739336,,4.771260997,,29.04273504,419119
165,Florida,Seminole,2017,37.80672269,,,,26.18918919,462659
166,Florida,Volusia,2017,34.87853107,,,,29.19266055,538692
167,Florida,Wakulla,2017,33.31321839,1.228476821,,,,32120
168,Georgia,Bibb,2017,37.89430894,,,0.620111732,33.87234043,152862
169,Georgia,Chatham,2017,33.04979253,,,6.268493151,33.29381443,290501
170,Georgia,Chattooga,2017,35.50826446,,,,,24770
171,Georgia,Clarke,2017,38.02439024,,,,32.10084034,127064
172,Georgia,Clayton,2017,,,,,38.69827586,285153
173,Georgia,Cobb,2017,39.53658537,,,,35.59166667,755754
174,Georgia,Coffee,2017,,,,,29.38541667,43014
175,Georgia,Columbia,2017,36.6097561,,,,,151579
176,Georgia,Coweta,2017,34.85772358,,,,,143114
177,Georgia,DeKalb,2017,35.82122905,5.118380062,23.30586592,,36.59090909,753253
178,Georgia,Dougherty,2017,,,,,36.52427184,89502
179,Georgia,Douglas,2017,39.85306122,,,,,143882
180,Georgia,Floyd,2017,,,,3.287292818,30,97613
181,Georgia,Fulton,2017,45.0875,9.110803324,26.0137741,2.162087912,40.17672414,1041423
182,Georgia,Glynn,2017,33.94693878,,,,30.60747664,85282
183,Georgia,Gwinnett,2017,40.66122449,,,,34.5,920260
184,Georgia,Hall,2017,,,,,30.87704918,199335
185,Georgia,Henry,2017,39.93469388,,,,,225813
186,Georgia,Houston,2017,,,,,33.75652174,153479
187,Georgia,Lowndes,2017,,,,,32.87288136,115489
188,Georgia,Murray,2017,41.77350427,,,,,39782
189,Georgia,Muscogee,2017,37.11836735,,,,37.16666667,194058
190,Georgia,Paulding,2017,,,,,23,159445
191,Georgia,Pike,2017,38.23055556,,,,,18217
192,Georgia,Richmond,2017,36.85365854,,,4.164383562,36.46666667,201800
193,Georgia,Rockdale,2017,39.66938776,,,,,90312
194,Georgia,Walker,2017,,,,,34.37614679,68939
195,Georgia,Washington,2017,,,,,34.60655738,20313
196,Hawaii,Hawaii,2017,,,,68.66556837,36.24105409,200381
197,Hawaii,Honolulu,2017,27.68987342,4.801925722,11.09615385,4.350458716,16.57439446,988650
198,Hawaii,Kauai,2017,,,5.190839695,0.326815642,12.22571429,72159
199,Hawaii,Maui,2017,,,,,18.63592233,166260
200,Idaho,Ada,2017,47.59187279,5.115532734,,0.457534247,36.78294574,456849
201,Idaho,Benewah,2017,,,,,49.12732095,9184
202,Idaho,Butte,2017,41.5339233,,,,,2602
203,Idaho,Canyon,2017,,,,,40.12307692,216699
204,Idaho,Caribou,2017,,,,7.081232493,,7034
205,Idaho,Franklin,2017,,,,,29.32608696,13564
206,Idaho,Idaho,2017,36.87654321,,,,,16369
207,Idaho,Jerome,2017,,,,,28.52777778,23627
208,Idaho,Lemhi,2017,,,,,47.71317829,7875
209,Idaho,Shoshone,2017,,,,,50.19543147,12542
210,Illinois,Adams,2017,42.2195122,,,,,66234
211,Illinois,Champaign,2017,36.08888889,1.515151515,,,30.1441048,209399
212,Illinois,Clark,2017,41.3677686,,,,,15767
213,Illinois,Cook,2017,40.01184157,3.404692082,25.80922865,2.333333333,35.65578947,5211263
214,Illinois,DuPage,2017,44.70089286,,,,31.27380952,930128
215,Illinois,Hamilton,2017,42.50406504,,,,,8194
216,Illinois,Jersey,2017,43.609375,,,,,21941
217,Illinois,Jo Daviess,2017,35.13333333,,,,,21594
218,Illinois,Kane,2017,38.10632184,,,,32.30088496,534667
219,Illinois,Lake,2017,38.21448468,,,,,703520
220,Illinois,La Salle,2017,,,,2.77260274,,110067
221,Illinois,McHenry,2017,37.78347578,,,,28.79310345,309122
222,Illinois,McLean,2017,35.75280899,,,,,172290
223,Illinois,Macon,2017,37.37534247,,,13.56426117,32.8,105801
224,Illinois,Macoupin,2017,41.04471545,,,0.668493151,,45446
225,Illinois,Madison,2017,41.62758621,,,,35.47674419,265428
226,Illinois,Monroe,2017,,,,4.161643836,,34097
227,Illinois,Peoria,2017,39.91986644,,,,30.60869565,183011
228,Illinois,Randolph,2017,44.75416667,,,,,32423
229,Illinois,Rock Island,2017,36.73278237,,,,29.86956522,144808
230,Illinois,Saint Clair,2017,,4.180515759,,,35.9122807,262479
231,Illinois,Sangamon,2017,37.2630137,,,,33.11494253,196452
232,Illinois,Wabash,2017,,,,4.860273973,,11489
233,Illinois,Will,2017,36.68876081,,,,34.77777778,692661
234,Illinois,Winnebago,2017,34.65142857,,,,32.47747748,284778
235,Indiana,Allen,2017,37.71452145,,,,33.01694915,372877
236,Indiana,Bartholomew,2017,41.435,,,,31.36666667,82040
237,Indiana,Boone,2017,40.17142857,,,,,65875
238,Indiana,Brown,2017,39.8,,,,,15035
239,Indiana,Carroll,2017,40.47280335,,,,,20039
240,Indiana,Clark,2017,37.44931507,,,,32.86324786,116973
241,Indiana,Daviess,2017,,,,5.550684932,,33113
242,Indiana,Delaware,2017,39.33739837,,,,31.50434783,115184
243,Indiana,Dubois,2017,,,,,33.62393162,42558
244,Indiana,Elkhart,2017,38.24454148,,,,34.25833333,205032
245,Indiana,Floyd,2017,41.34693878,,,1.602209945,32.87394958,77071
246,Indiana,Gibson,2017,,,,8.347945205,,33576
247,Indiana,Greene,2017,43.10699588,,,,31.37606838,32177
248,Indiana,Hamilton,2017,41.6,,,,31.50847458,323747
249,Indiana,Hendricks,2017,39.48760331,,,,,163685
250,Indiana,Henry,2017,,,,,29.775,48476
251,Indiana,Howard,2017,,,,,32.09482759,82363
252,Indiana,Huntington,2017,39.23673469,,,,,36337
253,Indiana,Jackson,2017,39.98684211,,,,,43884
254,Indiana,Johnson,2017,39.85833333,,,,,153897
255,Indiana,Knox,2017,37.12044818,,,,,37508
256,Indiana,Lake,2017,37.2090301,4.320547945,21.36158192,3.822802198,35.71202916,485640
257,Indiana,LaPorte,2017,42.19047619,,,,30.37168142,110029
258,Indiana,Madison,2017,40.84166667,,,,31.8,129498
259,Indiana,Marion,2017,36.42778542,8.178947368,21.61318052,0.653846154,37.7371134,950082
260,Indiana,Monroe,2017,,,,,30.95,146986
261,Indiana,Morgan,2017,36.13807531,,,6.653739612,,69713
262,Indiana,Perry,2017,41.39917695,,,,,19081
263,Indiana,Pike,2017,,,,3.408219178,,12365
264,Indiana,Porter,2017,41.90985325,,,5.300411523,31.9,168404
265,Indiana,Posey,2017,43.26609442,,,,,25595
266,Indiana,St. Joseph,2017,39.31294964,,14.04154303,,33.2231405,270434
267,Indiana,Shelby,2017,42.64897959,,,,,44395
268,Indiana,Spencer,2017,,,,,33.52542373,20394
269,Indiana,Sullivan,2017,,,,,33.40909091,20746
270,Indiana,Tippecanoe,2017,,,,,32.10483871,190587
271,Indiana,Vanderburgh,2017,38.42174629,4.917847025,14.34795322,2.95890411,34.99712644,181616
272,Indiana,Vigo,2017,39.11148087,,,1.093663912,35.55833333,107516
273,Indiana,Wabash,2017,36.29041916,,,,,31443
274,Indiana,Warrick,2017,40.70233196,,,,,62530
275,Indiana,Whitley,2017,,,,,30.67826087,33756
276,Iowa,Black Hawk,2017,,,,,30.75833333,132648
277,Iowa,Bremer,2017,36.89344262,,,,,24911
278,Iowa,Clinton,2017,37.18518519,,,2.717808219,29.875,47010
279,Iowa,Delaware,2017,,,,,24.63461538,17153
280,Iowa,Harrison,2017,39.86103542,,,,,14136
281,Iowa,Johnson,2017,,,,,29.73407202,149210
282,Iowa,Lee,2017,,,,,33.35135135,34295
283,Iowa,Linn,2017,38.09756098,3.140883978,,4.57260274,31.42339833,224115
284,Iowa,Montgomery,2017,37.07786885,,,,26.60683761,10137
285,Iowa,Muscatine,2017,,,,3.511415525,31.57616893,42880
286,Iowa,Palo Alto,2017,36.94308943,,,,25.55462185,9092
287,Iowa,Polk,2017,33.26170799,3.126027397,14.02739726,0.008219178,29.75501114,481830
288,Iowa,Pottawattamie,2017,,,,,31.3826087,93386
289,Iowa,Scott,2017,35.19275124,2.602898551,12.37119114,0.484240688,31.78562092,172509
290,Iowa,Van Buren,2017,38.94308943,,3.347945205,0.284931507,26.98245614,7157
291,Iowa,Warren,2017,38.25471698,,,,,50163
292,Iowa,Woodbury,2017,,,,0.572222222,30.8487395,102429
293,Kansas,Johnson,2017,34.52876712,,,,31.46610169,591178
294,Kansas,Leavenworth,2017,34.87052342,,,,,81095
295,Kansas,Neosho,2017,36.2,,5.693150685,1.526027397,33.10909091,16015
296,Kansas,Sedgwick,2017,36.1234375,,,,30.63492063,513687
297,Kansas,Shawnee,2017,34.60941828,,,,30.57627119,178187
298,Kansas,Sumner,2017,37.74794521,,6.625827815,2.048632219,29.42372881,23159
299,Kansas,Trego,2017,35.04383562,,3.446575342,0.460410557,17.5,2884
300,Kansas,Wyandotte,2017,34.85082873,3.374631268,19.50716332,1.345505618,36.08333333,165288
301,Kentucky,Bell,2017,38.68292683,,,,31.25,26894
302,Kentucky,Boone,2017,37.97777778,,,,,130728
303,Kentucky,Boyd,2017,38.49593496,,10.87087912,0.475274725,30.75409836,47979
304,Kentucky,Bullitt,2017,39.49576271,,,,,80246
305,Kentucky,Campbell,2017,42,,8.431952663,2.107142857,31.2295082,92488
306,Kentucky,Carter,2017,36.68699187,,,,25.76229508,27144
307,Kentucky,Christian,2017,,,,,33.6637931,70416
308,Kentucky,Daviess,2017,39.77178423,,10.29464286,5.095890411,33.16949153,100374
309,Kentucky,Edmonson,2017,36.86027397,1.846575342,,0.238356164,,12226
310,Kentucky,Fayette,2017,40.35772358,,12.54320988,0.690607735,31.6637931,321959
311,Kentucky,Greenup,2017,35.52678571,,,2.564738292,,35518
312,Kentucky,Hancock,2017,40.35772358,,,,,8801
313,Kentucky,Hardin,2017,40.16460905,,,,33.33009709,108071
314,Kentucky,Henderson,2017,40.98755187,,,10.06068966,34.14285714,45928
315,Kentucky,Jefferson,2017,39.27080891,4.158730159,22.51086957,2.469879518,33.65416667,771158
316,Kentucky,Jessamine,2017,40.03252033,,,0.609195402,,53375
317,Kentucky,Livingston,2017,40.95416667,,,,,9269
318,Kentucky,McCracken,2017,41.22040816,,11.16422287,2.430136986,34.3125,65385
319,Kentucky,Madison,2017,,,,,30.55752212,91226
320,Kentucky,Morgan,2017,36.78212291,,,,,13188
321,Kentucky,Oldham,2017,41.075,,,,,66415
322,Kentucky,Perry,2017,36.69105691,,,,28.33333333,26553
323,Kentucky,Pike,2017,35.04897959,,,,28.84297521,58883
324,Kentucky,Pulaski,2017,37.64634146,,,,30.83898305,64449
325,Kentucky,Simpson,2017,39.50416667,,,,,18108
326,Kentucky,Trigg,2017,36.80780781,,,,,14444
327,Kentucky,Warren,2017,38.11065574,,,,32.78378378,128845
328,Kentucky,Washington,2017,37.72268908,,,,,12126
329,Louisiana,Ascension,2017,36.0661157,,13.41260745,,,122948
330,Louisiana,Bossier,2017,,,,1.480113636,,127634
331,Louisiana,Caddo,2017,,,,,42.15315315,246581
332,Louisiana,Calcasieu,2017,33.39285714,,11.9025788,2.445205479,31.46610169,202445
333,Louisiana,East Baton Rouge,2017,34.78256881,3.025641026,11.75857339,2.613220816,31.12121212,446268
334,Louisiana,Iberville,2017,36.06911142,,8.219444444,,33.12280702,33027
335,Louisiana,Jefferson,2017,,,15.11780822,,31.06432749,439036
336,Louisiana,Lafayette,2017,36.47107438,,,,32.51785714,242485
337,Louisiana,Lafourche,2017,33.8739726,,,,,98426
338,Louisiana,Livingston,2017,36.25284091,,4.872159091,,,138228
339,Louisiana,Orleans,2017,,8.175438596,21.59178082,,32.8852459,393292
340,Louisiana,Ouachita,2017,32.96164384,,,,32.22413793,155874
341,Louisiana,Pointe Coupee,2017,33.62465753,,,,,22268
342,Louisiana,Rapides,2017,,,,,32.69158879,131648
343,Louisiana,St. Bernard,2017,36.06868132,,,5.801652893,33.31578947,46202
344,Louisiana,St. Charles,2017,,,,7.849431818,,52749
345,Louisiana,St. James,2017,31.01643836,,,2.357142857,,21367
346,Louisiana,St. John the Baptist,2017,34.24109589,,,,,43441
347,Louisiana,St. Martin,2017,36.94301994,,,,,54171
348,Louisiana,St. Tammany,2017,35.43681319,,,,,256327
349,Louisiana,Tangipahoa,2017,,,,,32.6754386,132497
350,Louisiana,Terrebonne,2017,,,,,30.55,112086
351,Louisiana,West Baton Rouge,2017,34.86871508,,18.13544669,4.446002805,37.10335196,26265
352,Maine,Androscoggin,2017,,,,,25.35,107651
353,Maine,Aroostook,2017,31.3553719,,,,21.76576577,67653
354,Maine,Cumberland,2017,32.24793388,3.747945205,18.41643836,3.764383562,29.61403509,292500
355,Maine,Franklin,2017,,,,,23.51724138,29988
356,Maine,Hancock,2017,37.84424779,1.510144928,,0.005830904,15.51376147,54497
357,Maine,Kennebec,2017,36.27160494,,7.41322314,1.027700831,24.29310345,121821
358,Maine,Oxford,2017,34.0260223,,,,25.94915254,57439
359,Maine,Penobscot,2017,33.63106796,,,,23.5942029,151957
360,Maine,Washington,2017,34.0656304,,,,,31593
361,Maine,York,2017,35.95049505,,,,,204191
362,Maryland,Allegany,2017,,,,22.00140845,,71615
363,Maryland,Baltimore,2017,41.89377289,2.929971989,24.4,1.214925373,31.92857143,832468
364,Maryland,Calvert,2017,43.5186722,,,,,91502
365,Maryland,Carroll,2017,43.09756098,,,,,167781
366,Maryland,Cecil,2017,44.14227642,,,,,102746
367,Maryland,Charles,2017,44.44855967,,,,,159700
368,Maryland,Dorchester,2017,38.14088398,1.71875,,0.142857143,,32162
369,Maryland,Frederick,2017,44.08130081,,,,,252022
370,Maryland,Garrett,2017,39.94382022,1.436046512,2.867768595,1.028490028,,29233
371,Maryland,Harford,2017,43.15447154,,,,,252160
372,Maryland,Howard,2017,,4.166666667,26.82997118,,,321113
373,Maryland,Kent,2017,43.46530612,,,,,19384
374,Maryland,Montgomery,2017,40.8852459,,,,,1058810
375,Maryland,Prince George's,2017,38.91157895,2.792243767,13.76519337,0.246887967,27.19166667,912756
376,Maryland,Washington,2017,42.08536585,,,,,150578
377,Maryland,Baltimore (City),2017,40.90204082,,24.73314607,,31.68817204,611648
378,Massachusetts,Barnstable,2017,38.67231638,,,,,213444
379,Massachusetts,Berkshire,2017,,,,,24.16,126313
380,Massachusetts,Bristol,2017,37.11032532,,,1.085399449,21.41818182,561483
381,Massachusetts,Dukes,2017,38.25966851,,,,,17325
382,Massachusetts,Essex,2017,35.3176362,2.266467066,8.825068871,,20.80090498,785205
383,Massachusetts,Franklin,2017,33.04407713,,,,24.48598131,70702
384,Massachusetts,Hampden,2017,36.50958904,3.122252747,16.89944134,0.717451524,23.0412844,469818
385,Massachusetts,Hampshire,2017,37.78512397,,4.711111111,0.324929972,,161834
386,Massachusetts,Middlesex,2017,34.05833333,,,,,1602947
387,Massachusetts,Norfolk,2017,38.8443804,,8.53038674,,,700322
388,Massachusetts,Plymouth,2017,35.42618384,,,,23.43589744,515142
389,Massachusetts,Suffolk,2017,31.72328767,3.770083102,22.8910434,0.504109589,27.18042813,797939
390,Massachusetts,Worcester,2017,35.46324549,3.978082192,21.76438356,1.016438356,24.24166667,826116
391,Michigan,Allegan,2017,43.43495935,,,,29.81355932,116447
392,Michigan,Bay,2017,,,,,27.40833333,104239
393,Michigan,Benzie,2017,39.39837398,,,,,17573
394,Michigan,Berrien,2017,42.2398374,,,,31.6,154259
395,Michigan,Chippewa,2017,31.06086957,,,,23.78571429,37711
396,Michigan,Clinton,2017,39.16182573,,,,,78443
397,Michigan,Genesee,2017,39.82892057,,,,29,407385
398,Michigan,Huron,2017,37.6122449,,,,,31280
399,Michigan,Ingham,2017,,,12.23123123,2.082191781,29.50420168,290186
400,Michigan,Kalamazoo,2017,40.71544715,,,,32.34188034,262985
401,Michigan,Kent,2017,37.22240527,3.197260274,,,34.26141079,648594
402,Michigan,Lenawee,2017,42.30612245,,,,29.97520661,98623
403,Michigan,Macomb,2017,39.5338809,,,,29.95867769,871375
404,Michigan,Manistee,2017,37.73770492,,,,23.76271186,24427
405,Michigan,Mason,2017,38.43495935,,,,,29073
406,Michigan,Missaukee,2017,35.19726027,,2.021978022,,19.75423729,14998
407,Michigan,Monroe,2017,,,,1.151685393,31.02586207,149649
408,Michigan,Muskegon,2017,42.46341463,,,,,173693
409,Michigan,Oakland,2017,,,,,32.33043478,1250836
410,Michigan,Ottawa,2017,41.90243902,,,1.98630137,,286383
411,Michigan,St. Clair,2017,40.6504065,,,8.181902124,32.1557377,159350
412,Michigan,Schoolcraft,2017,33.72764228,,,,,8049
413,Michigan,Tuscola,2017,35.17378917,,,,,52764
414,Michigan,Washtenaw,2017,38.88448276,,,,31.89256198,367627
415,Michigan,Wayne,2017,29.46468927,5.950519031,21.67111111,6.426556992,34.56981437,1753616
416,Michigan,Wexford,2017,35.84242424,,,,,33276
417,Minnesota,Anoka,2017,34.02131148,3.68907563,13.69863014,0.545454545,26.10169492,351373
418,Minnesota,Becker,2017,34.53061224,,,,,34098
419,Minnesota,Carlton,2017,32.44588745,,,,,35498
420,Minnesota,Crow Wing,2017,34.52066116,,,,,64424
421,Minnesota,Dakota,2017,,3.120073327,13.09771689,1.936861653,27.18803419,421751
422,Minnesota,Goodhue,2017,36.44489796,,,,,46304
423,Minnesota,Hennepin,2017,28.14521452,5.278082192,22.23287671,2.194366197,27.67768595,1252024
424,Minnesota,Lake,2017,30.175,,,,,10524
425,Minnesota,Lyon,2017,36.775,,,,,25831
426,Minnesota,Mille Lacs,2017,33.91803279,,,,,25872
427,Minnesota,Olmsted,2017,36.56326531,,,,27.1512605,154930
428,Minnesota,Ramsey,2017,,3.791780822,,,29.24789916,547974
429,Minnesota,Saint Louis,2017,30.38515406,,,,20.27272727,200000
430,Minnesota,Scott,2017,33.34520548,,,,26.30833333,145827
431,Minnesota,Stearns,2017,34.94605809,,,,,157822
432,Minnesota,Washington,2017,34.93415638,,,1.271232877,24.71428571,256348
433,Minnesota,Wright,2017,36.66938776,,,,,134286
434,Mississippi,Bolivar,2017,35.96551724,,,,,31945
435,Mississippi,DeSoto,2017,38.23577236,,,,31.75238095,178751
436,Mississippi,Forrest,2017,,,,,33.75221239,75471
437,Mississippi,Grenada,2017,,,,,30.53398058,21087
438,Mississippi,Hancock,2017,37.2406639,,,,31.13157895,47053
439,Mississippi,Harrison,2017,37.95744681,,,,31.62962963,205027
440,Mississippi,Hinds,2017,33.76480541,3.967930029,,0.592261905,35.03902439,239497
441,Mississippi,Jackson,2017,38.59166667,,9.878453039,0.601173021,32.56756757,142152
442,Mississippi,Lauderdale,2017,33.05691057,,,,,76155
443,Mississippi,Lee,2017,35.7195122,,,,,84933
444,Mississippi,Yalobusha,2017,30.72905028,,,,,12497
445,Missouri,Andrew,2017,40.74796748,,,,,17555
446,Missouri,Boone,2017,40.74390244,,,,,178271
447,Missouri,Callaway,2017,39.42622951,,,,,45032
448,Missouri,Cass,2017,42.06097561,,,,,103724
449,Missouri,Cedar,2017,38.83739837,,,,,14073
450,Missouri,Clay,2017,43.5170068,,,,,242874
451,Missouri,Clinton,2017,43.66260163,,,,,20554
452,Missouri,Franklin,2017,,,,3.548387097,,103330
453,Missouri,Greene,2017,40.85365854,,,,,289805
454,Missouri,Iron,2017,,,,10.20904729,,10226
455,Missouri,Jackson,2017,,4.969187675,22.14520548,2.895890411,,698895
456,Missouri,Jasper,2017,39.81300813,,,,,120217
457,Missouri,Jefferson,2017,36.69512195,,,3.519176801,,223810
458,Missouri,Lincoln,2017,42.7601626,,,,,56183
459,Missouri,Monroe,2017,35.79063361,,2.632352941,0.714285714,,8612
460,Missouri,New Madrid,2017,,,,1.813824885,,17582
461,Missouri,Perry,2017,44.57786885,,,,,19225
462,Missouri,Saint Charles,2017,44.87446809,,,3.784931507,,395504
463,Missouri,Sainte Genevieve,2017,44.38034188,,,,,17843
464,Missouri,Saint Louis,2017,43.14663951,,19.16986301,2.834782609,37.8767507,996726
465,Missouri,Taney,2017,38.64227642,,,,,55355
466,Missouri,St. Louis City,2017,38.54246575,3.81424581,20.53835022,3.590659341,,308626
467,Montana,Fergus,2017,41.19178082,,2.49408284,,,11291
468,Montana,Flathead,2017,33.53982301,,,,,100000
469,Montana,Gallatin,2017,,,,,14.49428571,107810
470,Montana,Lewis and Clark,2017,41.42036554,1.396501458,,0.215116279,29.171875,67773
471,Montana,Missoula,2017,32.48245614,,,,,117441
472,Montana,Phillips,2017,32.96121884,,2.122977346,,,4119
473,Montana,Powder River,2017,38.86111111,,2.855072464,,,1752
474,Montana,Richland,2017,37.62674095,,2.523255814,6.206214689,,11039
475,Montana,Rosebud,2017,38.39385475,,4.02739726,,,9248
476,Montana,Yellowstone,2017,,,,8.883008357,,158980
477,Nebraska,Douglas,2017,35.08056872,4.266943292,,5.529126214,36.20581655,561620
478,Nebraska,Hall,2017,,,,,24.67567568,61519
479,Nebraska,Knox,2017,37.36338028,,,,,8472
480,Nebraska,Lancaster,2017,35.87445887,,,3.927113703,27.50413223,314358
481,Nebraska,Scotts Bluff,2017,,,,,29.78761062,36363
482,Nebraska,Washington,2017,,,,,27.51239669,20721
483,Nevada,Churchill,2017,45.04709141,,,,,24230
484,Nevada,Clark,2017,47.84594727,7.029106029,32.41007194,1.825842697,22.33224756,2204079
485,Nevada,Douglas,2017,,,,,25.54411765,48309
486,Nevada,Lyon,2017,42.68108108,,,,,54122
487,Nevada,Washoe,2017,42.75255302,5.190600522,23.9275766,0.767123288,25.36754177,460587
488,Nevada,White Pine,2017,45.30494505,,,,,9592
489,Nevada,Carson City,2017,44.20596206,,,,25.02465753,54745
490,New Hampshire,Belknap,2017,34.36744186,,,,19.30357143,60785
491,New Hampshire,Cheshire,2017,33.78116343,,,,26.11764706,75960
492,New Hampshire,Coos,2017,40.21454545,,,,,31634
493,New Hampshire,Grafton,2017,31.13774105,,,,26.22222222,89386
494,New Hampshire,Hillsborough,2017,36.91652174,1.742937853,,0.836619718,13.48695652,409697
495,New Hampshire,Merrimack,2017,33.86849315,,,1.246575342,,149216
496,New Hampshire,Rockingham,2017,36.63124336,1.953424658,,1.519178082,20.175,306363
497,New Jersey,Atlantic,2017,37.4109589,,,0.202739726,26.00877193,269918
498,New Jersey,Bergen,2017,39.57894737,4.357541899,31.22752809,,29.86440678,948406
499,New Jersey,Camden,2017,37.2433281,2.191780822,22.82465753,0.64109589,34.6,510719
500,New Jersey,Cumberland,2017,34.5890411,,13.69315068,,,152538
501,New Jersey,Essex,2017,29.99725275,4.947802198,27.6584022,0.303030303,31.08181818,808285
502,New Jersey,Gloucester,2017,40.40449438,,,,30.05309735,292206
503,New Jersey,Hudson,2017,31.08767123,5.443526171,27.8489011,0.221917808,32.55460385,691643
504,New Jersey,Hunterdon,2017,35.89044944,,,,,125059
505,New Jersey,Mercer,2017,35.6951049,,,,30.62898551,374733
506,New Jersey,Middlesex,2017,36.09269663,,16.31232877,,27.90833333,842798
507,New Jersey,Monmouth,2017,32.20769231,,,,,626351
508,New Jersey,Morris,2017,37.19559229,,7.35989011,0.394444444,24.5,499693
509,New Jersey,Ocean,2017,42.17490494,,,,27.503125,597943
510,New Jersey,Passaic,2017,38.42105263,,,,31.88888889,512607
511,New Jersey,Union,2017,,5.711538462,,,36.61830357,563892
512,New Jersey,Warren,2017,30.16483516,,21.05753425,1.213888889,29.03773585,106798
513,New Mexico,Bernalillo,2017,45.86197441,3.431318681,21.18356164,0.607734807,27.21428571,676773
514,New Mexico,Dona Ana,2017,49.50342466,,14.88308116,,28.22105263,215579
515,New Mexico,Eddy,2017,48.74394904,,8.603932584,,,56997
516,New Mexico,Lea,2017,45.69863014,,11.03287671,,18.1875,68759
517,New Mexico,Rio Arriba,2017,48.00824176,,,,,39159
518,New Mexico,Sandoval,2017,46.23013699,,,,,142507
519,New Mexico,San Juan,2017,45.65055981,,12.76051051,1.906341463,,126926
520,New Mexico,Santa Fe,2017,45.29589041,,,,20.28571429,148750
521,New Mexico,Taos,2017,,,,,38.81481481,32795
522,New Mexico,Valencia,2017,45.93972603,,,,,75940
523,New York,Albany,2017,33.95316804,0.005479452,,0.261971831,25.45833333,309612
524,New York,Bronx,2017,31.60743802,0.008219178,27.48527349,1.066024759,30.94238683,1471160
525,New York,Chautauqua,2017,38.54277286,,,0.310734463,25.57142857,129046
526,New York,Dutchess,2017,33.31868132,,,0.030136986,,295568
527,New York,Erie,2017,36.26666667,2.224827586,19.34340659,0.384615385,29.08959538,925528
528,New York,Essex,2017,33.26129944,,,0.061797753,15.64285714,37956
529,New York,Franklin,2017,36.09333333,,4.847058824,1.100558659,,51116
530,New York,Hamilton,2017,35.53055556,,,0.021917808,,4485
531,New York,Herkimer,2017,31.98136646,,,0.04,,62240
532,New York,Jefferson,2017,35.3641791,,,,,114187
533,New York,Kings,2017,,,,,30.8677686,2648771
534,New York,Monroe,2017,35.82369942,3.463172805,16.50139276,,27.17721519,747642
535,New York,New York,2017,30.76470588,0.005540166,,,34.22222222,1664727
536,New York,Niagara,2017,36.42023346,,,,,211328
537,New York,Onondaga,2017,34.61813187,,,0.169863014,23.13445378,465398
538,New York,Orange,2017,32.39664804,,,,25.39473684,382226
539,New York,Oswego,2017,34.45753425,,,,,118478
540,New York,Putnam,2017,35.74931129,,,0.129476584,,99323
541,New York,Queens,2017,34.62640449,4.207606973,27.934375,,29.49006623,2358582
542,New York,Richmond,2017,40.91603053,,,,29.35185185,479458
543,New York,Rockland,2017,35.14520548,,,,,328868
544,New York,St. Lawrence,2017,,,,15.86168741,,109623
545,New York,Saratoga,2017,34.53333333,,,,,229869
546,New York,Seneca,2017,,,,0.271708683,,34498
547,New York,Steuben,2017,33.28888889,1.915014164,,,20.45614035,96281
548,New York,Suffolk,2017,37.97456765,,,0.169491525,27.56779661,1492953
549,New York,Tompkins,2017,35.09116022,,,1.622222222,,104802
550,New York,Wayne,2017,37.02572347,,,,,90670
551,New York,Westchester,2017,35.60055096,,,,,980244
552,North Carolina,Alexander,2017,40.19230769,,,,,37286
553,North Carolina,Avery,2017,39.23297491,,,,,17536
554,North Carolina,Beaufort,2017,,,,3.583561644,,47088
555,North Carolina,Brunswick,2017,,,,11.32328767,,130897
556,North Carolina,Buncombe,2017,38.91463415,,,2.528409091,27.8559322,257607
557,North Carolina,Caldwell,2017,41.98760331,,,0.222222222,,81981
558,North Carolina,Carteret,2017,35.24781341,,,,,68881
559,North Carolina,Caswell,2017,38.61570248,,,,,22646
560,North Carolina,Catawba,2017,,,,,30.74137931,157974
561,North Carolina,Cumberland,2017,40.88222698,,,,31.36538462,332546
562,North Carolina,Davidson,2017,,,,,33.49579832,165466
563,North Carolina,Durham,2017,39.97560976,,,0.268698061,30.84482759,311640
564,North Carolina,Edgecombe,2017,38.47346939,,,,,52747
565,North Carolina,Forsyth,2017,43.84281843,,14.49589041,0.488700565,29.72972973,376320
566,North Carolina,Graham,2017,41.30252101,,,,,8541
567,North Carolina,Granville,2017,42.09836066,,,,,59557
568,North Carolina,Guilford,2017,43.93801653,,,,29.26229508,526953
569,North Carolina,Haywood,2017,42.22657343,,,35.45856354,,61084
570,North Carolina,Jackson,2017,45.85645933,,,,28.88695652,42973
571,North Carolina,Johnston,2017,38.34552846,,,,31.68333333,196708
572,North Carolina,Lee,2017,37.66759777,,2.366391185,0.066666667,,60430
573,North Carolina,Lenoir,2017,38.91428571,,,,,56883
574,North Carolina,Lincoln,2017,41.41666667,,,,,82403
575,North Carolina,Macon,2017,33.22816901,,,,,34732
576,North Carolina,Martin,2017,37.62040816,,,0.333333333,,22789
577,North Carolina,Mecklenburg,2017,40.93617021,4.901369863,17.453125,,34.27019499,1076837
578,North Carolina,Mitchell,2017,,,,,28.47747748,15072
579,North Carolina,Montgomery,2017,36.48640483,,,,,27435
580,North Carolina,New Hanover,2017,35.48962656,,,0.095890411,25.1,227198
581,North Carolina,Person,2017,40.40740741,,,5.48189415,,39370
582,North Carolina,Pitt,2017,39.31707317,,,,28.35245902,179042
583,North Carolina,Rockingham,2017,41.36585366,,,1.516363636,,90949
584,North Carolina,Rowan,2017,37.60893855,,,,,140644
585,North Carolina,Swain,2017,34.95412844,,,,,14294
586,North Carolina,Union,2017,42.43933054,,,,,231366
587,North Carolina,Wake,2017,37.94166667,4.290858726,14.60789845,,32.00819672,1072203
588,North Carolina,Yancey,2017,45.39449541,,,,,17744
589,North Dakota,Billings,2017,37.3021978,,,1.309589041,,940
590,North Dakota,Burke,2017,34.15384615,,3.534246575,3.824657534,,2131
591,North Dakota,Burleigh,2017,33.10192837,2.162534435,11.43406593,2.233516484,25.1557377,95030
592,North Dakota,Cass,2017,30.78296703,,10.43561644,0.336986301,,177787
593,North Dakota,Dunn,2017,33.55487805,,4.582781457,0.74251497,,4289
594,North Dakota,McKenzie,2017,35.74358974,,2.6,1.387205387,,12724
595,North Dakota,Mercer,2017,34.22530864,,5.60522696,5.566055046,,8465
596,North Dakota,Oliver,2017,36.17032967,,4.614285714,3.78028169,,1940
597,North Dakota,Stutsman,2017,,,,2.430555556,,21087
598,North Dakota,Ward,2017,32.41691843,,3.150306748,0.71686747,,68946
599,North Dakota,Williams,2017,33.75824176,,,6.593370166,,33349
600,Ohio,Adams,2017,,,,3.326027397,,27726
601,Ohio,Allen,2017,42.17886179,,,0.216438356,30.73770492,103198
602,Ohio,Ashtabula,2017,41.87804878,,,1.350684932,,97807
603,Ohio,Athens,2017,,,,,26.12280702,66597
604,Ohio,Belmont,2017,,2.550684932,13.36986301,0.498630137,31.32432432,68029
605,Ohio,Butler,2017,40.83757576,,,3.995417049,38.38504155,380604
606,Ohio,Clark,2017,41.2398374,,,0.528767123,32.47457627,134557
607,Ohio,Clermont,2017,43.80081301,,,,,204214
608,Ohio,Clinton,2017,43.35365854,,,,,42009
609,Ohio,Columbiana,2017,,,,2.326027397,,103077
610,Ohio,Cuyahoga,2017,37.9725777,4.39010989,19.38980716,3.370879121,36.28198758,1248514
611,Ohio,Delaware,2017,37.82926829,,,,,200464
612,Ohio,Fayette,2017,36.79444444,,,,,28752
613,Ohio,Franklin,2017,40.70325203,3.539202201,19.0782967,0.298630137,33.68842105,1291981
614,Ohio,Gallia,2017,,,,5.960586618,,29973
615,Ohio,Geauga,2017,45.80894309,,,,,93918
616,Ohio,Greene,2017,40.76829268,,,,29.46551724,166752
617,Ohio,Hamilton,2017,41.18278302,4.634873323,24.73653566,2.942528736,34.54347826,813822
618,Ohio,Jefferson,2017,37.03252033,,,4.217630854,34.67532468,66359
619,Ohio,Knox,2017,39.2195122,,,,,61261
620,Ohio,Lake,2017,43.7703252,4.630136986,,1.536986301,29.27350427,230117
621,Ohio,Lawrence,2017,37.62295082,,,0.928767123,26.65486726,60249
622,Ohio,Licking,2017,39.64634146,,,,,173448
623,Ohio,Lorain,2017,39.91869919,,,,31.17391304,307924
624,Ohio,Lucas,2017,40.45663957,,,,33.76420455,430887
625,Ohio,Madison,2017,41.55691057,,,,,44036
626,Ohio,Mahoning,2017,34.70124481,,,0.805479452,32.12429379,229796
627,Ohio,Medina,2017,41.34146341,,,,31.53153153,178371
628,Ohio,Miami,2017,41.69918699,,,,,105122
629,Ohio,Montgomery,2017,42.86178862,2.851239669,,,33.43801653,531542
630,Ohio,Morgan,2017,,,,3.421917808,,14709
631,Ohio,Noble,2017,37.53055556,,,,,14406
632,Ohio,Portage,2017,39.29387755,,,,30.22123894,162277
633,Ohio,Preble,2017,35.6,1.901369863,,0.797260274,30.30701754,41120
634,Ohio,Scioto,2017,,,,2.753981329,27.58974359,75929
635,Ohio,Stark,2017,40.83468835,5.196132597,,,35.43933054,372542
636,Ohio,Summit,2017,39.56967213,1.215068493,,0.58839779,33.4248927,541228
637,Ohio,Trumbull,2017,40.41075269,,,,34.68292683,200380
638,Ohio,Warren,2017,44.02040816,,,,,228882
639,Ohio,Washington,2017,40.39430894,,,,,60418
640,Ohio,Wood,2017,39.5,,,,,130492
641,Oklahoma,Adair,2017,36.34647887,2.118589744,,0.772727273,,21909
642,Oklahoma,Bryan,2017,40.14381271,,,,,46319
643,Oklahoma,Caddo,2017,35.36283186,,,,,29173
644,Oklahoma,Canadian,2017,40.62569832,,12.88541667,,,139926
645,Oklahoma,Cherokee,2017,38.28014184,,,,,48888
646,Oklahoma,Choctaw,2017,37.67028986,,,,,14863
647,Oklahoma,Cleveland,2017,41.41292135,,,,,279641
648,Oklahoma,Comanche,2017,40.12121212,,,,,121526
649,Oklahoma,Creek,2017,38.91506849,,,,,71704
650,Oklahoma,Dewey,2017,41.425,,,,,4878
651,Oklahoma,Garfield,2017,,,,7.073033708,,61581
652,Oklahoma,Grady,2017,,,9.453608247,,,54943
653,Oklahoma,Jefferson,2017,42.74297189,,,,,6183
654,Oklahoma,Kay,2017,40.00719424,,,7.829201102,,44544
655,Oklahoma,Lincoln,2017,26.33333333,,,,,35142
656,Oklahoma,Love,2017,48.69741697,,,,,10034
657,Oklahoma,McClain,2017,41.1281337,,,,,39343
658,Oklahoma,Mayes,2017,38.97212544,,,7.830136986,,40921
659,Oklahoma,Muskogee,2017,,,,8.387464387,,69086
660,Oklahoma,Oklahoma,2017,40.9380863,4.977808599,21.28935532,0.326027397,30.2557377,787958
661,Oklahoma,Osage,2017,39.42896936,,,,,47233
662,Oklahoma,Ottawa,2017,35.58823529,,,,,31312
663,Oklahoma,Pittsburg,2017,36.75498575,,,,32.26666667,44184
664,Oklahoma,Sequoyah,2017,36.07368421,,10.8150289,,33.57024793,41252
665,Oklahoma,Tulsa,2017,37.96952909,3.785714286,15.46428571,1.736073059,31.2991453,646266
666,Oklahoma,Washington,2017,39.4056338,,,,,51932
667,Oregon,Clackamas,2017,44.02649007,,,,,412672
668,Oregon,Columbia,2017,33.76973684,,,,,51782
669,Oregon,Crook,2017,,,,,38.17857143,23123
670,Oregon,Harney,2017,,,,,38.85245902,7289
671,Oregon,Jackson,2017,49.17763158,,,,44.15384615,217479
672,Oregon,Josephine,2017,,,,,41.56896552,86352
673,Oregon,Klamath,2017,,,,,38.74590164,66935
674,Oregon,Lake,2017,,,,,36.60185185,7863
675,Oregon,Lane,2017,37.04220779,,,,33.95925926,374748
676,Oregon,Marion,2017,40.77922078,,,,,341286
677,Oregon,Multnomah,2017,30.67601246,4.368181818,15.7150838,0.502824859,29.86554622,807555
678,Oregon,Umatilla,2017,49.66233766,,,,,76985
679,Oregon,Wasco,2017,40.56666667,,,,,26437
680,Oregon,Washington,2017,31.11157895,4.261589404,20.22465753,,30.53164557,588957
681,Pennsylvania,Adams,2017,37.23383769,1.274787535,2.332335329,,,102336
682,Pennsylvania,Allegheny,2017,40.227,6.248968363,16.22036262,10.11344922,40.98868374,1223048
683,Pennsylvania,Armstrong,2017,36.82708934,,,,,65642
684,Pennsylvania,Beaver,2017,37.57630332,,17.67032967,4.187671233,37.15686275,166140
685,Pennsylvania,Berks,2017,35.06751055,,,1.397222222,33.42028986,417854
686,Pennsylvania,Blair,2017,34.95114943,,,1.289256198,,123457
687,Pennsylvania,Bradford,2017,32.60941828,,7.233802817,,,60853
688,Pennsylvania,Bucks,2017,38.59104478,,,,,628341
689,Pennsylvania,Cambria,2017,34.79395604,1.557692308,13,3.442307692,,133054
690,Pennsylvania,Centre,2017,36.17941586,,9.157593123,1.222560976,,162660
691,Pennsylvania,Chester,2017,38.18879056,,,,31.49152542,519293
692,Pennsylvania,Clearfield,2017,37.20689655,,,,,79685
693,Pennsylvania,Cumberland,2017,,,,,31.61242604,250066
694,Pennsylvania,Dauphin,2017,32.76237624,,,,33.8125,275710
695,Pennsylvania,Delaware,2017,35.53185596,,21.94480519,2.241486068,,564696
696,Pennsylvania,Elk,2017,36.70809249,,,,,30197
697,Pennsylvania,Erie,2017,36.38121547,1.161764706,10.24776119,,,274541
698,Pennsylvania,Franklin,2017,34.01388889,,,,,154234
699,Pennsylvania,Greene,2017,37.2183908,,,,,36770
700,Pennsylvania,Indiana,2017,39.45152355,,,5.553424658,,84953
701,Pennsylvania,Lackawanna,2017,32.69731259,2.292397661,20.82967033,,,210761
702,Pennsylvania,Lancaster,2017,34.62660944,,,,37.46969697,542903
703,Pennsylvania,Lawrence,2017,35.41643836,,,2.231197772,,87069
704,Pennsylvania,Lebanon,2017,35.05753425,,,,35.86039886,139754
705,Pennsylvania,Lehigh,2017,34.64225352,,,,,366494
706,Pennsylvania,Luzerne,2017,33.67318436,,,0.752747253,,317343
707,Pennsylvania,Lycoming,2017,35.12209302,,,,,113841
708,Pennsylvania,Mercer,2017,37.58428571,,,,,111750
709,Pennsylvania,Monroe,2017,35.16944444,,,,,168046
710,Pennsylvania,Montgomery,2017,37.34985423,,,,,826075
711,Pennsylvania,Northampton,2017,35.7788873,,16.11585366,8.475274725,32.32298137,303405
712,Pennsylvania,Philadelphia,2017,36.11210191,5.137805984,18.66432584,2.187327824,33.87469287,1580863
713,Pennsylvania,Somerset,2017,36.92054795,,,,,74501
714,Pennsylvania,Tioga,2017,36.48895028,,3.266853933,,,40793
715,Pennsylvania,Warren,2017,,,,7.483146067,,39659
716,Pennsylvania,Washington,2017,36.69944341,,9.853025937,3.043352601,34.94940476,207298
717,Pennsylvania,Westmoreland,2017,34.74301676,,,,,352627
718,Pennsylvania,York,2017,35.62181303,2.497175141,18.88950276,1.97632312,,446078
719,Rhode Island,Kent,2017,39.74384236,,1.980392157,,,163760
720,Rhode Island,Providence,2017,38.04958678,5.684062059,19.08767123,0.32739726,29.34770115,637357
721,Rhode Island,Washington,2017,40.41860465,,,,20.96089385,126150
722,South Carolina,Abbeville,2017,25,,,,,24722
723,South Carolina,Anderson,2017,35.79323308,,,,,198759
724,South Carolina,Berkeley,2017,34.5515873,,,,,217937
725,South Carolina,Charleston,2017,34.6875,,3.6,2.059800664,30.20733652,401438
726,South Carolina,Chesterfield,2017,37.34365325,,,,28.73469388,45948
727,South Carolina,Darlington,2017,38.62857143,,,,,67265
728,South Carolina,Edgefield,2017,34.98407643,,,,32.36,26693
729,South Carolina,Florence,2017,,,,,31.51648352,138566
730,South Carolina,Greenville,2017,37.29362881,,17.82739726,0.049382716,33.97815534,506837
731,South Carolina,Horry,2017,33.46796657,,,,,333268
732,South Carolina,Lexington,2017,,,,0.130193906,36.05851064,290642
733,South Carolina,Oconee,2017,35.90934066,,,0.041208791,,77270
734,South Carolina,Pickens,2017,38.92766727,,,,,123479
735,South Carolina,Richland,2017,35.74670433,3.02266289,10.02881844,0.159317212,32.70491803,411592
736,South Carolina,Spartanburg,2017,42.06374502,,,,32.89310345,306854
737,South Carolina,York,2017,37.9924812,,,,,266439
738,South Dakota,Brown,2017,,,,,22.50819672,39178
739,South Dakota,Minnehaha,2017,,,,,25.94915254,188616
740,South Dakota,Pennington,2017,,,,,22.79661017,110141
741,Tennessee,Anderson,2017,40.02845528,,,1.394957983,,76257
742,Tennessee,Blount,2017,40.28477905,1.836206897,,,30.88135593,129929
743,Tennessee,Claiborne,2017,35.94334278,,,,,31609
744,Tennessee,Davidson,2017,39.548,5.965317919,21.48356164,0.543956044,36.3189911,691243
745,Tennessee,DeKalb,2017,35.53424658,,,,,19852
746,Tennessee,Dyer,2017,,,,,27.125,37463
747,Tennessee,Hamilton,2017,41.92682927,,,,33.83913043,361613
748,Tennessee,Jefferson,2017,44.66169154,,,,,53804
749,Tennessee,Knox,2017,40.56198347,,,,33.67901235,461860
750,Tennessee,Lawrence,2017,,,,,27.01818182,43396
751,Tennessee,Loudon,2017,40.18181818,,,,31.1,52152
752,Tennessee,McMinn,2017,,,,,28.57142857,52877
753,Tennessee,Madison,2017,,,,,28.52212389,97643
754,Tennessee,Maury,2017,,,,,26.31481481,92163
755,Tennessee,Putnam,2017,,,,,27.47727273,77674
756,Tennessee,Roane,2017,,,,,30.06896552,53036
757,Tennessee,Sevier,2017,42.82967033,,,,,97638
758,Tennessee,Shelby,2017,39.88333333,3.56456044,18.6109589,0.652892562,33.55988858,936961
759,Tennessee,Sullivan,2017,42.82845188,,,28.45007032,27.84705882,157158
760,Tennessee,Sumner,2017,41.49593496,,,,29.71052632,183545
761,Tennessee,Williamson,2017,38.74654378,,,,,226257
762,Tennessee,Wilson,2017,38.30125523,,,,,136442
763,Texas,Bell,2017,41.54595336,,,,,347833
764,Texas,Bexar,2017,37.63507779,5.26446281,13.44863336,5.11281337,34.4612069,1958578
765,Texas,Bowie,2017,,,,,36.67213115,94012
766,Texas,Brazoria,2017,36.41678521,,8.728429986,,,362457
767,Texas,Brewster,2017,41.15342466,,,,26.70183486,9337
768,Texas,Cameron,2017,29.84144645,5.303867403,,,37.55357143,423725
769,Texas,Collin,2017,41.28493151,,,,,969603
770,Texas,Dallas,2017,37.2632312,,14.58645929,,36.37572254,2618148
771,Texas,Denton,2017,40.51643836,,11.3434903,,,836210
772,Texas,Ellis,2017,37.72815534,,8.916897507,0.55801105,,173620
773,Texas,El Paso,2017,40.83250139,5.102739726,26.39832536,1.13255814,34.30409357,840410
774,Texas,Freestone,2017,,,,4.365079365,,19625
775,Texas,Galveston,2017,38.82507289,,5.756302521,1.974431818,27.08724832,335036
776,Texas,Gregg,2017,,,7.030136986,,,123367
777,Texas,Harris,2017,33.58080808,6.105491329,17.54596671,1.135872655,40.01058201,4652980
778,Texas,Harrison,2017,34.53719008,,5.48603352,7.153203343,34.55737705,66661
779,Texas,Hidalgo,2017,29.19726027,,,,37.26219512,860661
780,Texas,Hood,2017,38.02359882,,,,,58273
781,Texas,Howard,2017,,,,25.5380117,,36040
782,Texas,Hunt,2017,35.97260274,,7.84109589,,,93872
783,Texas,Hutchinson,2017,,,,45.67768595,,21375
784,Texas,Jefferson,2017,34.08233276,2.601173021,8.852691218,6.993013972,,256299
785,Texas,Johnson,2017,43.79178082,,,,,167301
786,Texas,Kaufman,2017,36.57142857,,7.11878453,1.824840764,,122883
787,Texas,McLennan,2017,38.22395833,2.141361257,5.46875,0.78125,,251259
788,Texas,Milam,2017,,,,4.687671233,,25053
789,Texas,Montgomery,2017,40.23835616,,7.134246575,,,570934
790,Texas,Navarro,2017,38.59178082,,6.927170868,10.69241573,,48701
791,Texas,Nueces,2017,32.1372549,,,0.60940499,33.93277311,361221
792,Texas,Orange,2017,,,9.406162465,11.82719547,41.85106383,85047
793,Texas,Parker,2017,37.77961433,,,,,133463
794,Texas,Polk,2017,31.7816092,,,,,49162
795,Texas,Potter,2017,,,,10.79178082,,120458
796,Texas,Randall,2017,44.35616438,,,,,134442
797,Texas,Robertson,2017,,,,2.098630137,,17203
798,Texas,Rockwall,2017,36.78143713,,,,,96788
799,Texas,Rusk,2017,,,,8.03030303,,52833
800,Texas,Smith,2017,36.87327824,,3.967032967,,,227727
801,Texas,Tarrant,2017,39.1293578,5.673972603,16.48478415,,34.77439024,2054475
802,Texas,Titus,2017,,,,5.120547945,,32904
803,Texas,Travis,2017,37.0523416,6.079452055,22.92328767,,37.6,1226698
804,Texas,Victoria,2017,33.58448753,,,,,92084
805,Texas,Webb,2017,30.74431818,5.865329513,,,,274794
806,Utah,Box Elder,2017,39.0966811,,,,29.17125382,54079
807,Utah,Cache,2017,41.44571429,,12.31210191,,,124438
808,Utah,Carbon,2017,48.76923077,,6.184563758,,,20295
809,Utah,Davis,2017,48.28219178,,23.33333333,,32.58166189,347637
810,Utah,Duchesne,2017,46.1829436,,10.56056338,,,20026
811,Utah,Salt Lake,2017,50.70895522,4.771014493,19.7740458,0.752542373,31.48493683,1135649
812,Utah,San Juan,2017,45.9761194,,,,,15356
813,Utah,Tooele,2017,47.75342466,,7.42,,26.80991736,67456
814,Utah,Uintah,2017,46.67927632,,6.943462898,,,35150
815,Utah,Utah,2017,47.42686567,5.304945055,27.88509317,,30.44572526,606425
816,Utah,Washington,2017,45.31120332,,9.290419162,,,165662
817,Utah,Weber,2017,46.36127168,7.545454545,33.68253968,,34.01994302,251769
818,Vermont,Bennington,2017,34.80112045,,,,,35594
819,Vermont,Chittenden,2017,34.7740113,3.089635854,11.19178082,,18.19135802,162372
820,Vermont,Rutland,2017,33.40909091,2.820441989,14.20718232,0.2,26.70833333,59087
821,Virginia,Albemarle,2017,38.81589958,,,,27.20661157,107702
822,Virginia,Arlington,2017,42.25203252,3.817142857,18.49589041,,31.39166667,234965
823,Virginia,Botetourt,2017,,,,6.730769231,,33192
824,Virginia,Caroline,2017,38.2195122,,,,,30461
825,Virginia,Charles,2017,37.26229508,,10.82548476,3.379120879,28.8442623,7004
826,Virginia,Chesterfield,2017,37.55833333,,,,29.63934426,343599
827,Virginia,Fairfax,2017,40.41869919,6.367977528,25.25479452,0.422222222,28.50564972,1148433
828,Virginia,Fauquier,2017,35.59756098,,,,,69465
829,Virginia,Frederick,2017,37.9055794,,,,31.01724138,86484
830,Virginia,Giles,2017,39.65266106,,,55.13864307,,16837
831,Virginia,Hanover,2017,39.60416667,,,,,105923
832,Virginia,Henrico,2017,36.94692737,3.393939394,15.26058632,0.399441341,29.89090909,327898
833,Virginia,Loudoun,2017,42.15853659,,12.71506849,,30.21367521,398080
834,Virginia,Madison,2017,39.84848485,,,,,13277
835,Virginia,Prince Edward,2017,35.61111111,,,,,22703
836,Virginia,Prince William,2017,41.0083682,,8.416438356,,,463023
837,Virginia,Roanoke,2017,39.06097561,3.490250696,11.59178082,0.364383562,27.31955923,93730
838,Virginia,Rockbridge,2017,36.95528455,,,,,22659
839,Virginia,Rockingham,2017,38.95528455,,17.79726027,0.161643836,28.40336134,80227
840,Virginia,Stafford,2017,38.27477477,,,,,146649
841,Virginia,Wythe,2017,39.7804878,,,,,28882
842,Virginia,Bristol City,2017,,,,,29.67256637,16790
843,Virginia,Covington City,2017,,,,8.838888889,,5531
844,Virginia,Hampton City,2017,41.05284553,2.443835616,7.893150685,0.662921348,26.3826087,134669
845,Virginia,Lynchburg City,2017,,,,,26.65789474,80995
846,Virginia,Norfolk City,2017,,3.325648415,15.67621777,0.198863636,28.75206612,244703
847,Virginia,Richmond City,2017,,4.211428571,22.00854701,,33.71666667,227032
848,Virginia,Salem City,2017,,,,,28.76785714,25862
849,Virginia,Suffolk City,2017,37.69547325,,,,,90237
850,Virginia,Virginia Beach City,2017,,,,,27.46781116,450435
851,Washington,Benton,2017,53.95798319,,,,,198171
852,Washington,Chelan,2017,,,,0.027624309,,76533
853,Washington,Clallam,2017,32.58892128,,,,,75474
854,Washington,Clark,2017,37.36842105,,,,,474643
855,Washington,Grant,2017,,,9.614814815,,,95158
856,Washington,King,2017,34.53473945,7.029325513,27.859375,,25.14159292,2188649
857,Washington,Pierce,2017,41.27840909,,25.88285714,,30.22941176,876764
858,Washington,Skagit,2017,29.29145729,,9.74556213,,,125619
859,Washington,Spokane,2017,44.70234114,,,,,506152
860,Washington,Thurston,2017,37.86928105,,,,,280588
861,Washington,Whatcom,2017,31.31491713,,,19.33850494,,221404
862,Washington,Yakima,2017,,,,,39.00847458,250193
863,West Virginia,Berkeley,2017,37.0203252,,,,34.53333333,114920
864,West Virginia,Brooke,2017,,,,7.894444444,36.8,22443
865,West Virginia,Cabell,2017,39.43495935,,,,32.26890756,94958
866,West Virginia,Gilmer,2017,31.075,,,,,8005
867,West Virginia,Greenbrier,2017,38.64081633,,,,,35287
868,West Virginia,Hancock,2017,39.54693878,,,6.002739726,33.875,29448
869,West Virginia,Harrison,2017,,,,,31.08333333,67811
870,West Virginia,Kanawha,2017,34.60547945,3.673972603,,1.343373494,30.27705628,183293
871,West Virginia,Marion,2017,,,,,32.125,56337
872,West Virginia,Marshall,2017,,,,3.42739726,37.07438017,31190
873,West Virginia,Mason,2017,,,,7.347945205,,26801
874,West Virginia,Mineral,2017,,,,20.37299035,,27222
875,West Virginia,Monongalia,2017,38.76734694,,,2.310650888,29.94871795,105030
876,West Virginia,Ohio,2017,41.41463415,,,,32.325,42035
877,West Virginia,Tucker,2017,35.54415954,,,,,6915
878,West Virginia,Wood,2017,37.80487805,,,6.921126761,33.38596491,85104
879,Wisconsin,Ashland,2017,33.03013699,,,,14.22413793,15500
880,Wisconsin,Brown,2017,37.07142857,,,2.140495868,28.36956522,262052
881,Wisconsin,Columbia,2017,39.29288703,,,,,57248
882,Wisconsin,Dane,2017,40.03862661,,,0.736986301,30.05228758,536416
883,Wisconsin,Dodge,2017,,2.145205479,,0.224657534,27.72916667,87786
884,Wisconsin,Door,2017,38.5907173,,,,,27483
885,Wisconsin,Eau Claire,2017,35.57258065,,,,25.38333333,103671
886,Wisconsin,Fond du Lac,2017,38.13807531,,,,,102548
887,Wisconsin,Forest,2017,34.59504132,,,0.065934066,15.52941176,8970
888,Wisconsin,Grant,2017,,,,,28.91304348,51999
889,Wisconsin,Jefferson,2017,40.30894309,,,,,84832
890,Wisconsin,Kenosha,2017,45.90981964,,,,29.0375,168521
891,Wisconsin,Kewaunee,2017,40.34599156,,,,,20445
892,Wisconsin,La Crosse,2017,36.89473684,,,,27.41414141,118274
893,Wisconsin,Manitowoc,2017,39.65822785,,1.64,,,79175
894,Wisconsin,Marathon,2017,37.0464135,,,,,135732
895,Wisconsin,Milwaukee,2017,37.71957041,3.019886364,20.45555556,0.421917808,32.36075949,952085
896,Wisconsin,Oneida,2017,,,,4.830136986,,35254
897,Wisconsin,Outagamie,2017,37.93248945,,,11.18630137,26.53947368,186059
898,Wisconsin,Ozaukee,2017,42.17987152,,,,24.66666667,88429
899,Wisconsin,Racine,2017,47.66521739,,,,,196071
900,Wisconsin,Rock,2017,41.19747899,,,,,162309
901,Wisconsin,Sauk,2017,37.9612069,,,,23.47457627,63981
902,Wisconsin,Sheboygan,2017,42.80824742,,,,,115344
903,Wisconsin,Taylor,2017,33.84943182,,,,18.875,20321
904,Wisconsin,Vilas,2017,35.42194093,,,,15.1025641,21683
905,Wisconsin,Walworth,2017,39.7877551,,,,,103082
906,Wisconsin,Waukesha,2017,38.75105485,,,,,400621
907,Wyoming,Albany,2017,47.39349593,,17.02057613,0.188888889,21.09090909,38332
908,Wyoming,Big Horn,2017,37.71823204,,,,,11906
909,Wyoming,Campbell,2017,40.85890411,,7.821100917,,,46242
910,Wyoming,Carbon,2017,43.97534247,,7.457865169,6.536986301,,15303
911,Wyoming,Converse,2017,41.88219178,0.351851852,5.950684932,1.781163435,,13809
912,Wyoming,Fremont,2017,44.90373563,,0.536549708,18.61917808,15.59197787,39803
913,Wyoming,Laramie,2017,44.72828508,1.848314607,22.54255319,0.291938998,18.66666667,98327
914,Wyoming,Natrona,2017,41.95169082,,11.88746569,1.793053546,19.50909091,79547
915,Wyoming,Park,2017,,,,,20.24528302,29568
916,Wyoming,Sheridan,2017,42.56367925,,13.95762712,0.215686275,26.87619048,30210
917,Wyoming,Sublette,2017,45.6820466,,5.003844042,,22.92520776,9799
918,Wyoming,Sweetwater,2017,41.71362373,,8.001369863,3.638545953,22.73770492,43534
919,Wyoming,Teton,2017,41.92253521,2.164383562,,,15.53517588,23265
920,Wyoming,Uinta,2017,44.12672176,,4.539726027,,,20495
921,Wyoming,Weston,2017,41.45846154,,,0.440111421,,6927